UMAP1,UMAP2,Dataset
1.196009,1.9644539,t
0.58283895,2.5708919,t
5.733735,5.4462585,t
-0.09099635,7.9878993,t
-3.665941,-0.047280174,t
-3.6426175,-0.035697784,t
3.4326925,6.0856113,t
3.4308248,6.0654197,t
5.956483,5.712416,t
-3.4131613,-0.4493926,t
13.2270565,4.9316845,t
5.863901,5.4437766,t
0.81229216,2.3874006,t
13.313808,2.790486,t
5.8234296,5.474105,t
13.315081,5.020241,t
12.165514,2.7560315,t
-6.219742,14.466753,t
6.371487,-9.844882,t
6.371474,-9.845,t
12.014389,-4.6136465,t
-12.334367,1.2341197,t
-9.944064,10.387676,t
1.6948107,9.304402,t
-3.503623,0.5086994,t
-12.340009,1.2309269,t
-6.986745,13.447762,t
6.0607405,5.7295294,t
-3.5225933,-0.03543349,t
-6.2199497,14.467015,t
-7.0939484,-0.5795611,t
13.326934,5.014381,t
-4.303199,1.7877483,t
6.061829,5.6577625,t
-7.106779,-0.5671131,t
-7.132148,-0.53281504,t
-7.106306,-0.5664259,t
-7.1110435,-0.5649296,t
-2.0013454,4.0603523,t
2.591859,11.380579,t
2.5799038,11.403735,t
-3.8543,1.2366008,t
-3.8990057,-9.797654,t
-3.8997025,-9.798074,t
-3.899964,-9.798814,t
5.675686,5.970902,t
5.6367965,5.980794,t
-3.8999643,-9.798385,t
-3.9045546,-9.799478,t
13.33242,5.016839,t
-3.900336,-9.798526,t
12.014944,-4.6134624,t
12.014953,-4.6134377,t
12.014939,-4.6129975,t
-2.877239,16.233337,t
12.015773,-4.6141915,t
12.015534,-4.614777,t
3.0907288,4.12983,t
3.6542714,2.3635635,t
-7.0805593,-0.5838689,t
-12.454438,1.3158042,t
-10.632617,-1.2527465,t
-10.632265,-1.2525314,t
-7.0810246,-0.58405405,t
7.358323,7.8073573,t
1.5289359,-4.09046,t
1.5217857,-4.101268,t
1.5293994,-4.0883036,t
1.5328449,-4.0838737,t
0.41484466,4.0295825,t
0.38666028,4.0784287,t
-2.8767428,16.233519,t
2.3304708,-1.4050112,t
0.90469855,2.1743538,t
-3.5784369,5.190819,t
0.5921591,2.2659993,t
0.6716652,2.262629,t
7.8312626,4.413785,t
3.4130702,5.146006,t
4.325304,-2.2691066,t
-9.943082,10.38896,t
5.889126,5.343785,t
-3.3662088,-0.40464026,t
3.5912411,3.2839572,t
-5.2986674,-6.0081253,t
-6.2333336,-3.1044672,t
4.2634177,2.0750887,t
4.2933383,2.072546,t
3.2877653,5.217098,t
-0.04326001,2.2509365,t
13.238751,4.937364,t
3.4572883,5.1189528,t
3.4699004,5.0969577,t
6.3708715,-9.845597,t
13.31767,5.017189,t
13.31532,5.0205073,t
-2.8763225,16.23597,t
13.334858,5.003459,t
-0.020818997,2.953984,t
-12.334732,1.2339517,t
-9.94328,10.388974,t
13.310619,2.7877834,t
-3.4829764,15.418322,t
13.309056,2.7878258,t
-3.483102,15.418535,t
13.316703,2.7734447,t
-3.4830043,15.418404,t
13.3316555,5.005381,t
0.7140299,2.9168417,t
-7.0900526,-0.58944315,t
-0.11903767,2.4469156,t
5.9195623,5.4375973,t
-3.3616436,-0.3625799,t
13.372427,4.989816,t
13.369368,4.9906197,t
4.0794334,3.4989252,t
13.332497,5.005238,t
1.0730797,2.8846402,t
5.8775826,5.4389057,t
-2.024128,-2.3672106,t
1.8396854,2.4760418,t
-5.2865653,-6.011797,t
-6.1725674,-3.1689994,t
-5.2998557,-6.0087376,t
-6.2301326,-3.1033013,t
-9.944535,10.387907,t
5.955282,5.4029884,t
-3.4264803,-0.3765186,t
13.228979,4.9308696,t
2.6380973,-10.386213,t
2.6380825,-10.386254,t
2.6381645,-10.38672,t
2.6316674,-10.398835,t
-0.036521938,5.1289153,t
1.1414009,9.652117,t
6.2244334,-1.3037571,t
-4.3048177,3.2349226,t
8.357659,3.7886586,t
-0.1094796,2.8168488,t
-3.6031415,0.01154025,t
6.4797497,4.7262526,t
6.7466044,-0.12805142,t
6.49595,4.691855,t
6.7406874,-0.12606254,t
-2.872498,16.262066,t
-2.8764615,16.2365,t
-9.9448395,10.386419,t
6.043642,5.363855,t
-3.4800537,-0.45902786,t
-6.21842,14.469321,t
-3.4222474,-0.4147103,t
13.31508,2.7899108,t
13.372421,4.989971,t
13.36583,4.9974256,t
4.563803,3.826993,t
13.333586,5.003147,t
4.5601287,3.8043857,t
1.120551,2.5221956,t
13.234445,4.9365196,t
5.8649454,5.4318843,t
-9.336415,-4.4222803,t
0.9136363,3.4656591,t
-0.5792557,-3.5131578,t
-3.8168063,-1.4214828,t
-12.453816,1.3154527,t
-2.8763294,16.237856,t
-2.8756466,16.240633,t
-2.8766754,16.236063,t
6.0634613,5.3915296,t
-12.337365,1.232293,t
-6.9856963,13.449384,t
5.947416,5.650534,t
-3.6024024,0.007035046,t
5.9511952,5.683525,t
-3.5856695,0.02263532,t
-6.2195125,14.466809,t
-6.219825,14.467214,t
3.1337147,2.685256,t
-0.032998923,2.2958174,t
5.9659142,5.662752,t
-9.072718,-0.65784883,t
-0.16118686,2.7012029,t
4.568178,3.8588533,t
13.337409,5.0120163,t
6.0374804,5.368028,t
-3.4645808,-0.44356403,t
4.571174,3.8500185,t
-0.14776218,2.69919,t
-7.079452,-0.58520573,t
7.049246,6.0400233,t
-10.632304,-1.2526273,t
5.565173,-4.89027,t
13.333551,5.008936,t
9.849777,8.310266,t
-9.555241,-2.3117151,t
-0.6509727,3.9998937,t
-2.8763998,16.238174,t
4.4524064,4.2773027,t
4.244392,4.338794,t
6.372405,-9.845919,t
3.2359028,4.0231004,t
-2.8775516,16.229559,t
-7.746084,2.9062202,t
13.37242,4.9902782,t
-0.99037,8.222306,t
-4.6596446,3.018653,t
13.3353405,5.0149775,t
-2.8771975,16.228806,t
-2.8774462,16.22961,t
-2.8773487,16.229252,t
5.356177,5.196706,t
13.238268,4.9381533,t
13.232344,4.9365597,t
13.235947,4.9359436,t
13.239398,4.9379497,t
13.236777,4.9361067,t
-12.335564,1.2333943,t
-3.6346076,0.0851604,t
4.462434,4.467737,t
-6.219925,14.46776,t
-2.8777034,16.2299,t
-2.8809175,16.232689,t
-2.8784287,16.23242,t
-2.878693,16.234003,t
-12.337591,1.2343097,t
-12.334035,1.2341743,t
-12.3366,1.2324425,t
-2.876921,16.23483,t
-2.8771675,16.235651,t
-2.8766341,16.235304,t
-2.8770626,16.235199,t
-12.334668,1.2340262,t
-12.335019,1.2343615,t
-1.190903,-9.669201,t
-12.338143,1.2318383,t
-12.334914,1.234255,t
-12.335431,1.2340754,t
-12.33586,1.2334448,t
-12.337863,1.2320169,t
-12.335394,1.2338874,t
-12.336451,1.2332774,t
-2.8767588,16.234982,t
-12.337894,1.2319562,t
-12.335919,1.2330115,t
-12.335486,1.2342983,t
-12.335291,1.2343559,t
-12.335619,1.2341816,t
-12.334962,1.2341692,t
-12.3381,1.2315857,t
15.138384,6.0993214,t
15.147045,6.107541,t
15.145534,6.105982,t
15.140905,6.1016955,t
15.138284,6.0991063,t
15.138226,6.0991178,t
15.174894,6.134705,t
15.1487465,6.10926,t
15.13672,6.09714,t
15.137317,6.0972414,t
15.139157,6.0999084,t
15.139619,6.1006618,t
15.14008,6.0981784,t
-12.342434,1.2297282,t
-12.341809,1.2301244,t
-12.339447,1.2311815,t
-12.343118,1.2298945,t
-2.8765974,16.23511,t
-12.335241,1.233963,t
5.813669,5.5651665,t
-6.2192183,14.468338,t
-6.219638,14.467982,t
-6.219817,14.468123,t
-6.219824,14.467453,t
-6.2198977,14.468279,t
-6.220113,14.467829,t
-6.2200212,14.46825,t
-6.22011,14.468219,t
-6.2203565,14.466799,t
-6.2203856,14.467189,t
-6.220045,14.468171,t
-6.220031,14.468063,t
3.6127396,4.1512237,t
-7.7470555,2.9054995,t
8.779545,-2.8907323,t
13.336021,5.015261,t
-3.489982,-0.38495597,t
8.784556,-2.8986611,t
-2.337273,2.486153,t
13.333332,5.004236,t
-4.2951674,0.5147868,t
13.241028,4.938488,t
13.338781,5.007604,t
-2.876914,16.234928,t
-2.876864,16.234678,t
-9.946351,10.384284,t
-6.9880104,13.447452,t
-9.946288,10.385882,t
-1.1910534,-9.668919,t
-6.9889555,13.446101,t
-6.9875503,13.448269,t
-7.0082603,13.426963,t
-9.944458,10.3889475,t
-9.944815,10.388493,t
-9.946242,10.387215,t
-6.9891634,13.446624,t
-9.943782,10.3904505,t
-9.945,10.388661,t
8.777864,-2.8848507,t
-6.986942,13.449208,t
-9.94338,10.388982,t
-9.946355,10.386604,t
-9.946731,10.385995,t
-9.946712,10.3859005,t
-9.94664,10.386518,t
-9.94636,10.387233,t
-9.946775,10.386992,t
-9.9458,10.387338,t
-9.9453,10.388001,t
-9.945416,10.387824,t
-9.945484,10.387995,t
-6.9862223,13.449253,t
-9.944688,10.3890085,t
-6.9723806,13.4558935,t
-6.973364,13.456422,t
-9.943679,10.3892,t
-3.8722925,15.565061,t
-9.944707,10.389476,t
-9.945257,10.388772,t
-6.978794,13.455814,t
-6.978442,13.453645,t
-9.944698,10.389843,t
-6.9858475,13.449638,t
-9.948263,10.383481,t
-9.947939,10.384193,t
-9.948111,10.38389,t
-9.94732,10.3870325,t
13.33829,4.9979043,t
13.243433,4.9407516,t
0.03300327,2.8446329,t
13.338722,5.004355,t
-9.334664,-4.421862,t
13.332947,4.9942703,t
0.987594,2.7804904,t
13.338039,5.003785,t
13.336548,5.0065103,t
-9.556171,-2.3106163,t
-0.64757067,3.983723,t
13.245652,4.941431,t
3.8311644,4.4424257,t
-3.9016778,-9.800205,t
-3.8713026,15.565106,t
-12.3353615,1.2339993,t
-12.342631,1.22975,t
0.66121346,3.1833298,t
-3.6192226,-0.013549283,t
-3.6260517,0.010497006,t
6.3721366,-9.845718,t
6.0651374,5.400211,t
-3.4905298,-0.45469737,t
13.3348055,5.0137577,t
5.9063773,5.644927,t
-0.07712712,8.005573,t
13.330921,4.9981327,t
-3.6632762,-0.06671705,t
4.070223,3.4991798,t
13.333718,4.9918475,t
5.735886,5.4688253,t
3.6544697,3.9495442,t
-3.4527318,-0.44133726,t
0.8541007,3.353291,t
7.9561524,3.7952938,t
6.1110473,7.045753,t
-3.2990847,-0.2936384,t
6.1092715,7.051903,t
6.117492,7.149658,t
-3.3365314,-0.33620593,t
7.7146535,-2.6442,t
6.5334597,-3.5158155,t
-1.1911559,-9.668951,t
-1.1913307,-9.66892,t
6.071526,5.6868973,t
-3.5190213,-0.019350972,t
4.948112,4.1172523,t
-3.3849218,-0.4223703,t
5.7280183,5.5294976,t
6.3719087,-9.845539,t
-3.5693038,-0.057820164,t
7.049923,6.0360856,t
-10.632294,-1.252797,t
7.05013,6.035818,t
-10.632594,-1.252618,t
-0.08047173,2.5280898,t
-5.32204,-5.9863706,t
-6.1803846,-3.1560109,t
-5.318505,-5.982848,t
-6.2006006,-3.171943,t
-5.3214,-5.9917088,t
-6.181528,-3.1554832,t
-5.3207464,-5.9886804,t
-6.1920967,-3.179652,t
-9.335218,-4.4222274,t
0.91883034,3.46895,t
-5.3062906,-6.0004287,t
-6.209246,-3.1277816,t
-3.4999635,-0.4707408,t
-3.4777603,-0.45802462,t
-7.0802765,-0.5849686,t
-7.082519,-0.5836104,t
0.18484247,3.2281773,t
5.9841843,5.7720594,t
5.985377,5.8553185,t
5.746094,5.589376,t
5.8998885,5.6322584,t
6.37212,-9.845613,t
-3.564895,-0.016736783,t
6.0828333,5.426957,t
-3.4944296,-0.45943385,t
-4.625913,12.533246,t
5.7877436,5.5605974,t
-3.5606885,-0.024919113,t
-0.04615749,2.7896008,t
6.0405636,5.3890505,t
-3.4972336,-0.4714407,t
6.035686,5.3700523,t
4.9522166,4.161384,t
4.635268,4.4487734,t
6.0755467,5.4237933,t
-3.4898758,-0.4560989,t
3.8286579,-7.7038636,t
3.814204,-7.710057,t
5.799735,5.546601,t
13.331957,4.998154,t
-3.569352,-0.018724088,t
6.0653324,5.4165144,t
6.0197887,5.409362,t
-3.482712,-0.44342303,t
-4.626856,12.538352,t
-4.6269712,12.537498,t
-4.62698,12.538099,t
4.1091914,2.75949,t
13.3349085,5.0033956,t
0.36697233,3.0378282,t
-4.2996397,0.5192941,t
13.237435,4.936046,t
0.5947459,2.8645976,t
6.8436003,1.6338513,t
-0.0776715,2.621478,t
13.335111,5.0004144,t
3.3064826,4.496937,t
13.24086,4.938306,t
13.238427,4.936913,t
13.314316,2.7916138,t
13.314044,2.7910318,t
13.314203,2.791022,t
13.307955,5.0052824,t
13.282404,5.017372,t
13.285121,4.993993,t
13.274188,5.020335,t
13.297807,5.0210543,t
13.282401,5.0200386,t
13.270244,5.0201592,t
-12.45434,1.3156284,t
8.77866,-2.9118645,t
-12.454071,1.3155435,t
-12.454004,1.3154883,t
8.77686,-2.8660908,t
8.782155,-2.89217,t
8.78624,-2.9004128,t
0.9814809,3.5583973,t
8.790811,-2.9111238,t
-3.4831228,15.418355,t
-3.4829721,15.418384,t
8.800662,-2.9243271,t
-3.463935,-0.01392705,t
-3.4076247,-0.010002619,t
-3.4654658,-0.01649388,t
2.0109255,-3.431015,t
3.8270886,-7.706168,t
3.8300135,-7.7068143,t
5.987198,5.724551,t
-3.6394536,-0.05207498,t
4.225175,2.566594,t
13.333764,4.9996805,t
0.5008774,4.765281,t
6.0794797,5.6369123,t
13.332975,4.9983926,t
5.983356,5.352314,t
-3.4838307,-0.4845828,t
-0.47989643,2.2844536,t
-0.77965474,2.1899555,t
-0.09168348,2.2445762,t
13.339014,5.0109816,t
5.8980684,5.270184,t
-3.4713573,-0.46406618,t
5.935939,5.277063,t
-3.4526522,-0.4598565,t
-3.472489,-0.45126343,t
0.38159007,4.081985,t
3.9629765,1.9730828,t
-3.3131552,-0.56223583,t
5.9360247,5.325811,t
-3.4091268,-0.45670265,t
4.8439465,4.5480075,t
13.235134,4.935495,t
5.937543,5.3794837,t
2.4251351,5.473644,t
13.337911,5.0122194,t
5.9265356,5.2735863,t
-3.4393468,-0.441193,t
13.337553,5.0031557,t
13.33875,5.00144,t
13.341267,5.0120244,t
6.0077477,5.236882,t
-3.5033195,-0.5043185,t
13.341472,5.0106707,t
6.232955,-1.4110138,t
-4.3258,3.220397,t
3.4052966,-4.629449,t
1.0241216,-1.5536684,t
13.341193,5.0110006,t
13.342997,5.0101604,t
3.1833854,3.9724495,t
-9.069831,-0.6392928,t
-9.0743475,-0.6205755,t
-9.072932,-0.650993,t
-9.070374,-0.6372702,t
4.7109137,3.2374763,t
-9.070766,-0.63986886,t
-9.0708685,-0.6386748,t
-9.070311,-0.6433839,t
-9.070789,-0.64008033,t
6.097182,5.434125,t
-3.4885345,-0.46064335,t
5.9370394,5.659844,t
5.9944625,5.354342,t
6.059251,5.3806086,t
-3.482868,-0.47126293,t
6.059149,5.39504,t
-3.582629,-0.024562739,t
-3.5095751,-0.47843623,t
-3.4914763,-0.46319568,t
6.0791636,5.410118,t
13.332814,4.9987893,t
-3.4862485,-0.4641087,t
4.967798,4.146397,t
5.764814,5.5189652,t
-9.071649,-0.67995155,t
13.337743,4.9979253,t
-9.072417,-0.6615201,t
-9.067841,-0.6698875,t
-3.4908338,-0.45699993,t
6.034534,5.3833513,t
-9.072549,-0.68163234,t
13.337599,4.9979463,t
-9.072336,-0.6608767,t
-9.067738,-0.66681635,t
5.5377235,5.132976,t
-3.579524,-0.034555934,t
13.3399725,5.0056396,t
13.340712,5.0063257,t
13.340849,5.006641,t
5.689555,5.6085777,t
-3.6248844,-0.004443849,t
13.343165,5.010707,t
-10.239914,-3.6445458,t
3.1328855,-9.973243,t
5.7500916,5.5924516,t
-3.520954,-0.03395825,t
3.8251066,4.1328444,t
0.38522083,3.3158221,t
-7.7464137,2.9055254,t
0.31894892,3.5592644,t
-7.747059,2.9059222,t
8.972813,-1.3585341,t
8.97245,-1.3546904,t
-7.07127,-0.5894671,t
-4.626477,12.533867,t
-7.0935984,-0.5760738,t
-4.6268945,12.538365,t
-7.0933547,-0.575693,t
-7.0950274,-0.5749955,t
-4.6263022,12.532695,t
-12.453811,1.3149434,t
-12.454048,1.3153083,t
8.973069,-1.3556716,t
8.973492,-1.35783,t
5.5069137,5.459126,t
5.565774,5.4796166,t
5.687097,5.495161,t
5.735168,5.488117,t
5.8965807,5.6199765,t
5.7511044,5.5928493,t
5.117954,5.02111,t
-0.653041,-4.668009,t
14.210761,3.234275,t
14.1845255,3.258183,t
14.185597,3.2586217,t
14.18526,3.257911,t
-3.86845,15.5642605,t
-9.336442,-4.421626,t
5.8809295,5.633958,t
1.1153905,2.1657305,t
8.002245,-10.152511,t
4.8993826,4.9471793,t
3.7217584,4.109287,t
3.9600723,3.6797955,t
5.99858,5.8717337,t
0.5532785,5.2555637,t
6.006185,5.8589454,t
0.5458496,5.2720428,t
5.457998,5.9023914,t
-3.3376646,-0.41782904,t
-3.8684719,15.564061,t
13.334681,4.9964046,t
-3.8674266,15.5637045,t
-3.8689249,15.564434,t
4.027203,3.718802,t
-9.336751,-4.4213333,t
4.526647,4.2155128,t
5.849493,5.475145,t
5.999408,5.852751,t
5.9650373,5.8337884,t
4.907203,4.932144,t
-5.2484217,8.283553,t
-5.251945,8.290379,t
-9.336947,-4.4212365,t
5.8714976,5.3793845,t
3.765513,3.867488,t
3.761011,3.8730364,t
6.0299654,5.690584,t
3.735179,3.892271,t
3.7934217,3.9297767,t
6.024736,5.2990513,t
5.9362893,5.628991,t
5.7369065,5.5903087,t
5.999371,5.3789725,t
4.8901854,4.288952,t
4.902488,4.29624,t
4.860609,4.283027,t
4.3278604,4.5013323,t
-9.336991,-4.4215446,t
6.004615,5.3491993,t
5.9660096,5.868493,t
6.011118,5.8418527,t
4.69004,4.7010946,t
5.0947313,5.0341806,t
-5.255353,8.29238,t
1.3541462,3.5609548,t
-0.655185,-4.671504,t
4.824292,0.83607024,t
4.4645185,4.6944084,t
5.1501536,5.2736373,t
5.2188816,5.2798033,t
5.7434654,5.4866395,t
5.748253,5.5449033,t
13.332295,4.9998493,t
3.7842555,4.1580896,t
13.2459955,4.9420276,t
13.289607,4.9587293,t
13.33558,4.993672,t
13.333828,4.9972577,t
13.333882,4.992106,t
13.33559,4.998056,t
13.334691,4.971175,t
13.336794,4.964962,t
13.328174,4.9908485,t
13.331918,4.9924498,t
13.333208,4.9990664,t
13.33276,5.003384,t
13.22227,4.929192,t
6.3717456,-9.845599,t
0.54415333,5.255546,t
0.5315125,5.2065816,t
1.2250966,1.745631,t
3.7858813,4.150124,t
6.3714757,-9.845502,t
-3.3818498,-0.4075052,t
6.371598,-9.845427,t
6.3715363,-9.845481,t
6.3714747,-9.845652,t
6.3721476,-9.845788,t
6.3725214,-9.845676,t
6.3723445,-9.846038,t
-3.5308843,-0.037848845,t
13.2446,4.9404287,t
1.0637597,2.1663527,t
1.0275105,2.0941942,t
13.230539,4.929132,t
13.244479,4.9404836,t
13.284892,4.9552064,t
-3.5359805,-0.026345465,t
13.215656,4.919095,t
-3.5076299,-0.4375718,t
0.91665477,3.4662433,t
-3.4919558,-0.43926266,t
-3.4843612,-0.4022833,t
0.5804483,5.1947513,t
0.55529976,5.2491674,t
13.289967,4.959522,t
0.54726136,5.273952,t
-3.6322336,-0.012426775,t
-3.6214256,0.016684256,t
-3.6430254,-0.009977577,t
-3.634533,0.010242941,t
13.182324,4.9196014,t
0.94294393,3.4759703,t
1.3209188,3.5511444,t
-3.3573825,-0.346436,t
1.3185693,3.5531716,t
0.9173679,3.4609444,t
5.598491,3.6747952,t
5.5866237,3.675046,t
5.5832586,3.5718145,t
-3.3367639,-0.323056,t
13.214065,4.92017,t
