L1,L2,L3,Descriptors,prediction 1533,variance 1533,ucb 1533
C1(C2=CC=CC=C2)=CC=NC3=C1C=CC4=C3N=CC=C4C5=CC=CC=C5,C1(C2=CC=CC=C2)=CC=NC3=C1C=CC4=C3N=CC=C4C5=CC=CC=C5,COC(C=C1)=CC=C1C2=NN(C3=NC=CC=C3)C(C4=CC=CC=C4)=C2,"[ 1.82423992e+00  1.11437402e+03  1.73467242e+01  1.41320315e+01
  1.41320315e+01  1.29158162e+01  8.68967912e+00  8.68967912e+00
  6.30697289e+00  6.30697289e+00  4.79081350e+00  4.79081350e+00
  3.56681762e+00  3.56681762e+00  0.00000000e+00  0.00000000e+00
  0.00000000e+00  0.00000000e+00  0.00000000e+00  2.18058499e+01
  2.22538060e+01  0.00000000e+00  2.45264213e+01  8.27643619e+01
  0.00000000e+00  3.32131349e+02  4.23076923e-01  8.46153846e-01
  1.26923077e+00  0.00000000e+00 -3.52000000e+00  2.60000000e+01
  3.16278000e+02  2.26186316e+06  1.47920682e+01  6.08448822e+00
  2.35220050e+00  1.51348217e+02  4.66779778e+00  2.53914126e-01
  4.66779778e+00  9.70493030e-02  9.45957577e-01  9.70493030e-02
  9.45957577e-01 -2.53914126e-01  6.11700000e+00  1.07916000e+02
  3.32406000e+02  0.00000000e+00  2.00000000e+00  0.00000000e+00
  0.00000000e+00  0.00000000e+00  3.00000000e+00  2.00000000e+00
  5.00000000e+00  2.00000000e+00  0.00000000e+00  2.00000000e+00
  0.00000000e+00  2.00000000e+00  0.00000000e+00  0.00000000e+00
  0.00000000e+00  1.22000000e+02  0.00000000e+00  0.00000000e+00
  0.00000000e+00  0.00000000e+00  0.00000000e+00  0.00000000e+00
  9.96795704e+00  0.00000000e+00  0.00000000e+00  0.00000000e+00
  7.27964048e+01  3.43865401e+01  2.31661356e+01  1.10334014e+01
  5.00000000e+00  0.00000000e+00  2.18058499e+01  0.00000000e+00
  9.96795704e+00  0.00000000e+00  0.00000000e+00  0.00000000e+00
  9.73228261e+01  0.00000000e+00  2.22538060e+01  0.00000000e+00
  0.00000000e+00  0.00000000e+00  0.00000000e+00  9.96795704e+00
  0.00000000e+00  0.00000000e+00  0.00000000e+00  9.73228261e+01
  0.00000000e+00  4.40596558e+01  0.00000000e+00  2.57800000e+01
  0.00000000e+00  0.00000000e+00  9.33559555e+00  2.25724385e+00
  6.64724504e+00  0.00000000e+00  2.93413101e+01  3.75193878e+00
  0.00000000e+00  0.00000000e+00  0.00000000e+00  0.00000000e+00
  0.00000000e+00  0.00000000e+00  0.00000000e+00  2.00000000e+00
  0.00000000e+00  0.00000000e+00  0.00000000e+00  0.00000000e+00
  0.00000000e+00  0.00000000e+00  0.00000000e+00  0.00000000e+00
  0.00000000e+00  2.00000000e+00  0.00000000e+00  0.00000000e+00
  0.00000000e+00  0.00000000e+00  0.00000000e+00  0.00000000e+00
  0.00000000e+00  0.00000000e+00  0.00000000e+00  0.00000000e+00
  0.00000000e+00  0.00000000e+00  0.00000000e+00  0.00000000e+00
  0.00000000e+00  0.00000000e+00  0.00000000e+00  0.00000000e+00
  3.00000000e+00  0.00000000e+00  3.00000000e+00  0.00000000e+00
  0.00000000e+00  0.00000000e+00  0.00000000e+00  0.00000000e+00
  0.00000000e+00  0.00000000e+00  0.00000000e+00  0.00000000e+00
  0.00000000e+00  0.00000000e+00  0.00000000e+00  0.00000000e+00
  0.00000000e+00  0.00000000e+00  0.00000000e+00  0.00000000e+00
  0.00000000e+00  0.00000000e+00  0.00000000e+00  0.00000000e+00
  0.00000000e+00  0.00000000e+00  0.00000000e+00  0.00000000e+00
  0.00000000e+00  0.00000000e+00  0.00000000e+00  0.00000000e+00
  0.00000000e+00  0.00000000e+00  0.00000000e+00  0.00000000e+00
  0.00000000e+00  0.00000000e+00  0.00000000e+00  2.00000000e+00
  0.00000000e+00  0.00000000e+00  0.00000000e+00  0.00000000e+00
  0.00000000e+00  0.00000000e+00  0.00000000e+00  0.00000000e+00
  0.00000000e+00  0.00000000e+00  0.00000000e+00  3.64069903e-01
  1.82423992e+00  1.11437402e+03  1.73467242e+01  1.41320315e+01
  1.41320315e+01  1.29158162e+01  8.68967912e+00  8.68967912e+00
  6.30697289e+00  6.30697289e+00  4.79081350e+00  4.79081350e+00
  3.56681762e+00  3.56681762e+00  0.00000000e+00  0.00000000e+00
  0.00000000e+00  0.00000000e+00  0.00000000e+00  2.18058499e+01
  2.22538060e+01  0.00000000e+00  2.45264213e+01  8.27643619e+01
  0.00000000e+00  3.32131349e+02  4.23076923e-01  8.46153846e-01
  1.26923077e+00  0.00000000e+00 -3.52000000e+00  2.60000000e+01
  3.16278000e+02  2.26186316e+06  1.47920682e+01  6.08448822e+00
  2.35220050e+00  1.51348217e+02  4.66779778e+00  2.53914126e-01
  4.66779778e+00  9.70493030e-02  9.45957577e-01  9.70493030e-02
  9.45957577e-01 -2.53914126e-01  6.11700000e+00  1.07916000e+02
  3.32406000e+02  0.00000000e+00  2.00000000e+00  0.00000000e+00
  0.00000000e+00  0.00000000e+00  3.00000000e+00  2.00000000e+00
  5.00000000e+00  2.00000000e+00  0.00000000e+00  2.00000000e+00
  0.00000000e+00  2.00000000e+00  0.00000000e+00  0.00000000e+00
  0.00000000e+00  1.22000000e+02  0.00000000e+00  0.00000000e+00
  0.00000000e+00  0.00000000e+00  0.00000000e+00  0.00000000e+00
  9.96795704e+00  0.00000000e+00  0.00000000e+00  0.00000000e+00
  7.27964048e+01  3.43865401e+01  2.31661356e+01  1.10334014e+01
  5.00000000e+00  0.00000000e+00  2.18058499e+01  0.00000000e+00
  9.96795704e+00  0.00000000e+00  0.00000000e+00  0.00000000e+00
  9.73228261e+01  0.00000000e+00  2.22538060e+01  0.00000000e+00
  0.00000000e+00  0.00000000e+00  0.00000000e+00  9.96795704e+00
  0.00000000e+00  0.00000000e+00  0.00000000e+00  9.73228261e+01
  0.00000000e+00  4.40596558e+01  0.00000000e+00  2.57800000e+01
  0.00000000e+00  0.00000000e+00  9.33559555e+00  2.25724385e+00
  6.64724504e+00  0.00000000e+00  2.93413101e+01  3.75193878e+00
  0.00000000e+00  0.00000000e+00  0.00000000e+00  0.00000000e+00
  0.00000000e+00  0.00000000e+00  0.00000000e+00  2.00000000e+00
  0.00000000e+00  0.00000000e+00  0.00000000e+00  0.00000000e+00
  0.00000000e+00  0.00000000e+00  0.00000000e+00  0.00000000e+00
  0.00000000e+00  2.00000000e+00  0.00000000e+00  0.00000000e+00
  0.00000000e+00  0.00000000e+00  0.00000000e+00  0.00000000e+00
  0.00000000e+00  0.00000000e+00  0.00000000e+00  0.00000000e+00
  0.00000000e+00  0.00000000e+00  0.00000000e+00  0.00000000e+00
  0.00000000e+00  0.00000000e+00  0.00000000e+00  0.00000000e+00
  3.00000000e+00  0.00000000e+00  3.00000000e+00  0.00000000e+00
  0.00000000e+00  0.00000000e+00  0.00000000e+00  0.00000000e+00
  0.00000000e+00  0.00000000e+00  0.00000000e+00  0.00000000e+00
  0.00000000e+00  0.00000000e+00  0.00000000e+00  0.00000000e+00
  0.00000000e+00  0.00000000e+00  0.00000000e+00  0.00000000e+00
  0.00000000e+00  0.00000000e+00  0.00000000e+00  0.00000000e+00
  0.00000000e+00  0.00000000e+00  0.00000000e+00  0.00000000e+00
  0.00000000e+00  0.00000000e+00  0.00000000e+00  0.00000000e+00
  0.00000000e+00  0.00000000e+00  0.00000000e+00  0.00000000e+00
  0.00000000e+00  0.00000000e+00  0.00000000e+00  2.00000000e+00
  0.00000000e+00  0.00000000e+00  0.00000000e+00  0.00000000e+00
  0.00000000e+00  0.00000000e+00  0.00000000e+00  0.00000000e+00
  0.00000000e+00  0.00000000e+00  0.00000000e+00  3.64069903e-01
  1.85603862e+00  9.04220903e+02  1.70622672e+01  1.38327928e+01
  1.38327928e+01  1.23476679e+01  8.06307473e+00  8.06307473e+00
  5.60908511e+00  5.60908511e+00  4.03098430e+00  4.03098430e+00
  2.75216525e+00  2.75216525e+00  0.00000000e+00  0.00000000e+00
  0.00000000e+00  0.00000000e+00  0.00000000e+00  3.40821336e+01
  0.00000000e+00  1.33066411e+01  6.53454736e+01  2.31830797e+01
  9.83554476e+00  3.27137162e+02  8.00000000e-01  1.56000000e+00
  2.24000000e+00  4.76190476e-02 -3.40000000e+00  2.50000000e+01
  3.10251000e+02  1.22669312e+06  1.51466984e+01  6.61039126e+00
  3.01731443e+00  1.45908055e+02  5.23701319e+00  4.96767803e-01
  5.23701319e+00  1.53488053e-01  7.92698833e-01  1.53488053e-01
  7.92698833e-01 -4.96767803e-01  4.60990000e+00  9.87830000e+01
  3.27387000e+02  0.00000000e+00  4.00000000e+00  0.00000000e+00
  0.00000000e+00  0.00000000e+00  2.00000000e+00  2.00000000e+00
  4.00000000e+00  4.00000000e+00  0.00000000e+00  4.00000000e+00
  0.00000000e+00  4.00000000e+00  0.00000000e+00  0.00000000e+00
  0.00000000e+00  1.22000000e+02  4.73686295e+00  5.74951183e+00
  5.81786278e+00  0.00000000e+00  0.00000000e+00  0.00000000e+00
  0.00000000e+00  9.66578146e+00  5.09868181e+00  0.00000000e+00
  3.63982024e+01  4.24645695e+01  1.73237466e+01  1.84976535e+01
  4.00000000e+00  4.73686295e+00  0.00000000e+00  0.00000000e+00
  1.47644633e+01  0.00000000e+00  0.00000000e+00  7.10979754e+00
  8.50596155e+01  0.00000000e+00  3.40821336e+01  4.73686295e+00
  0.00000000e+00  5.74951183e+00  0.00000000e+00  2.18742608e+01
  0.00000000e+00  0.00000000e+00  0.00000000e+00  8.50596155e+01
  0.00000000e+00  2.83326218e+01  0.00000000e+00  3.99400000e+01
  7.12084137e+00  0.00000000e+00  4.44999228e+00  4.79592167e+00
  4.03273539e+00  1.62250581e+00  2.60363838e+01  1.77662825e+00
  0.00000000e+00  1.66499145e+00  0.00000000e+00  0.00000000e+00
  0.00000000e+00  0.00000000e+00  0.00000000e+00  3.00000000e+00
  0.00000000e+00  0.00000000e+00  0.00000000e+00  0.00000000e+00
  0.00000000e+00  0.00000000e+00  0.00000000e+00  0.00000000e+00
  0.00000000e+00  3.00000000e+00  0.00000000e+00  0.00000000e+00
  0.00000000e+00  0.00000000e+00  0.00000000e+00  0.00000000e+00
  0.00000000e+00  0.00000000e+00  0.00000000e+00  0.00000000e+00
  0.00000000e+00  0.00000000e+00  0.00000000e+00  0.00000000e+00
  0.00000000e+00  0.00000000e+00  0.00000000e+00  0.00000000e+00
  2.00000000e+00  0.00000000e+00  0.00000000e+00  0.00000000e+00
  0.00000000e+00  0.00000000e+00  0.00000000e+00  1.00000000e+00
  0.00000000e+00  0.00000000e+00  0.00000000e+00  0.00000000e+00
  0.00000000e+00  0.00000000e+00  0.00000000e+00  0.00000000e+00
  0.00000000e+00  0.00000000e+00  0.00000000e+00  0.00000000e+00
  0.00000000e+00  1.00000000e+00  0.00000000e+00  0.00000000e+00
  0.00000000e+00  0.00000000e+00  0.00000000e+00  0.00000000e+00
  0.00000000e+00  0.00000000e+00  0.00000000e+00  0.00000000e+00
  0.00000000e+00  0.00000000e+00  0.00000000e+00  0.00000000e+00
  0.00000000e+00  0.00000000e+00  0.00000000e+00  1.00000000e+00
  0.00000000e+00  0.00000000e+00  0.00000000e+00  0.00000000e+00
  0.00000000e+00  0.00000000e+00  0.00000000e+00  0.00000000e+00
  0.00000000e+00  0.00000000e+00  0.00000000e+00  5.49365555e-01]",5.251220939278914,5.3497951929697,8.026775852782945
C1(C2=NC=CC=C2)=NC=CC=C1,C1(C2=NC=CC=C2)=NC=CC=C1,O=[N+](C1=CC=C(C2=NN(C(C3=CC=CC=C3)=C2)C4=NC=CC=C4)C=C1)[O-],"[ 2.45714948e+00  3.05231590e+02  8.22576835e+00  6.51322934e+00
  6.51322934e+00  5.96632650e+00  3.79096164e+00  3.79096164e+00
  2.42995580e+00  2.42995580e+00  1.59221739e+00  1.59221739e+00
  1.02854901e+00  1.02854901e+00  0.00000000e+00  0.00000000e+00
  0.00000000e+00  0.00000000e+00  0.00000000e+00  1.13878560e+01
  0.00000000e+00  1.23936871e+01  3.63982024e+01  9.96795704e+00
  0.00000000e+00  1.56068748e+02  6.66666667e-01  1.16666667e+00
  1.50000000e+00  0.00000000e+00 -1.70000000e+00  1.20000000e+01
  1.48124000e+02  1.02395273e+03  6.97663873e+00  3.13304807e+00
  1.32075308e+00  7.09277933e+01  4.18648148e+00  2.54621120e-01
  4.18648148e+00  8.85599799e-02  9.14907407e-01  8.85599799e-02
  9.14907407e-01 -2.54621120e-01  2.14360000e+00  4.74680000e+01
  1.56188000e+02  0.00000000e+00  2.00000000e+00  0.00000000e+00
  0.00000000e+00  0.00000000e+00  0.00000000e+00  2.00000000e+00
  2.00000000e+00  2.00000000e+00  0.00000000e+00  2.00000000e+00
  0.00000000e+00  1.00000000e+00  0.00000000e+00  0.00000000e+00
  0.00000000e+00  5.80000000e+01  0.00000000e+00  0.00000000e+00
  0.00000000e+00  0.00000000e+00  0.00000000e+00  0.00000000e+00
  9.96795704e+00  0.00000000e+00  0.00000000e+00  0.00000000e+00
  1.21327341e+01  2.42654683e+01  1.23936871e+01  1.13878560e+01
  2.00000000e+00  0.00000000e+00  0.00000000e+00  0.00000000e+00
  9.96795704e+00  0.00000000e+00  0.00000000e+00  0.00000000e+00
  4.87918896e+01  0.00000000e+00  1.13878560e+01  0.00000000e+00
  0.00000000e+00  0.00000000e+00  0.00000000e+00  9.96795704e+00
  0.00000000e+00  0.00000000e+00  0.00000000e+00  4.87918896e+01
  0.00000000e+00  1.13878560e+01  0.00000000e+00  2.57800000e+01
  0.00000000e+00  0.00000000e+00  8.37296296e+00  0.00000000e+00
  1.82981481e+00  0.00000000e+00  1.15948148e+01  3.53574074e+00
  0.00000000e+00  0.00000000e+00  0.00000000e+00  0.00000000e+00
  0.00000000e+00  0.00000000e+00  0.00000000e+00  2.00000000e+00
  0.00000000e+00  0.00000000e+00  0.00000000e+00  0.00000000e+00
  0.00000000e+00  0.00000000e+00  0.00000000e+00  0.00000000e+00
  0.00000000e+00  2.00000000e+00  0.00000000e+00  0.00000000e+00
  0.00000000e+00  0.00000000e+00  0.00000000e+00  0.00000000e+00
  0.00000000e+00  0.00000000e+00  0.00000000e+00  0.00000000e+00
  0.00000000e+00  0.00000000e+00  0.00000000e+00  0.00000000e+00
  0.00000000e+00  0.00000000e+00  0.00000000e+00  0.00000000e+00
  0.00000000e+00  0.00000000e+00  0.00000000e+00  0.00000000e+00
  0.00000000e+00  0.00000000e+00  0.00000000e+00  0.00000000e+00
  0.00000000e+00  0.00000000e+00  0.00000000e+00  0.00000000e+00
  0.00000000e+00  0.00000000e+00  0.00000000e+00  0.00000000e+00
  0.00000000e+00  0.00000000e+00  0.00000000e+00  0.00000000e+00
  0.00000000e+00  0.00000000e+00  0.00000000e+00  0.00000000e+00
  0.00000000e+00  0.00000000e+00  0.00000000e+00  0.00000000e+00
  0.00000000e+00  0.00000000e+00  0.00000000e+00  0.00000000e+00
  0.00000000e+00  0.00000000e+00  0.00000000e+00  0.00000000e+00
  0.00000000e+00  0.00000000e+00  0.00000000e+00  2.00000000e+00
  0.00000000e+00  0.00000000e+00  0.00000000e+00  0.00000000e+00
  0.00000000e+00  0.00000000e+00  0.00000000e+00  0.00000000e+00
  0.00000000e+00  0.00000000e+00  0.00000000e+00  6.31772953e-01
  2.45714948e+00  3.05231590e+02  8.22576835e+00  6.51322934e+00
  6.51322934e+00  5.96632650e+00  3.79096164e+00  3.79096164e+00
  2.42995580e+00  2.42995580e+00  1.59221739e+00  1.59221739e+00
  1.02854901e+00  1.02854901e+00  0.00000000e+00  0.00000000e+00
  0.00000000e+00  0.00000000e+00  0.00000000e+00  1.13878560e+01
  0.00000000e+00  1.23936871e+01  3.63982024e+01  9.96795704e+00
  0.00000000e+00  1.56068748e+02  6.66666667e-01  1.16666667e+00
  1.50000000e+00  0.00000000e+00 -1.70000000e+00  1.20000000e+01
  1.48124000e+02  1.02395273e+03  6.97663873e+00  3.13304807e+00
  1.32075308e+00  7.09277933e+01  4.18648148e+00  2.54621120e-01
  4.18648148e+00  8.85599799e-02  9.14907407e-01  8.85599799e-02
  9.14907407e-01 -2.54621120e-01  2.14360000e+00  4.74680000e+01
  1.56188000e+02  0.00000000e+00  2.00000000e+00  0.00000000e+00
  0.00000000e+00  0.00000000e+00  0.00000000e+00  2.00000000e+00
  2.00000000e+00  2.00000000e+00  0.00000000e+00  2.00000000e+00
  0.00000000e+00  1.00000000e+00  0.00000000e+00  0.00000000e+00
  0.00000000e+00  5.80000000e+01  0.00000000e+00  0.00000000e+00
  0.00000000e+00  0.00000000e+00  0.00000000e+00  0.00000000e+00
  9.96795704e+00  0.00000000e+00  0.00000000e+00  0.00000000e+00
  1.21327341e+01  2.42654683e+01  1.23936871e+01  1.13878560e+01
  2.00000000e+00  0.00000000e+00  0.00000000e+00  0.00000000e+00
  9.96795704e+00  0.00000000e+00  0.00000000e+00  0.00000000e+00
  4.87918896e+01  0.00000000e+00  1.13878560e+01  0.00000000e+00
  0.00000000e+00  0.00000000e+00  0.00000000e+00  9.96795704e+00
  0.00000000e+00  0.00000000e+00  0.00000000e+00  4.87918896e+01
  0.00000000e+00  1.13878560e+01  0.00000000e+00  2.57800000e+01
  0.00000000e+00  0.00000000e+00  8.37296296e+00  0.00000000e+00
  1.82981481e+00  0.00000000e+00  1.15948148e+01  3.53574074e+00
  0.00000000e+00  0.00000000e+00  0.00000000e+00  0.00000000e+00
  0.00000000e+00  0.00000000e+00  0.00000000e+00  2.00000000e+00
  0.00000000e+00  0.00000000e+00  0.00000000e+00  0.00000000e+00
  0.00000000e+00  0.00000000e+00  0.00000000e+00  0.00000000e+00
  0.00000000e+00  2.00000000e+00  0.00000000e+00  0.00000000e+00
  0.00000000e+00  0.00000000e+00  0.00000000e+00  0.00000000e+00
  0.00000000e+00  0.00000000e+00  0.00000000e+00  0.00000000e+00
  0.00000000e+00  0.00000000e+00  0.00000000e+00  0.00000000e+00
  0.00000000e+00  0.00000000e+00  0.00000000e+00  0.00000000e+00
  0.00000000e+00  0.00000000e+00  0.00000000e+00  0.00000000e+00
  0.00000000e+00  0.00000000e+00  0.00000000e+00  0.00000000e+00
  0.00000000e+00  0.00000000e+00  0.00000000e+00  0.00000000e+00
  0.00000000e+00  0.00000000e+00  0.00000000e+00  0.00000000e+00
  0.00000000e+00  0.00000000e+00  0.00000000e+00  0.00000000e+00
  0.00000000e+00  0.00000000e+00  0.00000000e+00  0.00000000e+00
  0.00000000e+00  0.00000000e+00  0.00000000e+00  0.00000000e+00
  0.00000000e+00  0.00000000e+00  0.00000000e+00  0.00000000e+00
  0.00000000e+00  0.00000000e+00  0.00000000e+00  0.00000000e+00
  0.00000000e+00  0.00000000e+00  0.00000000e+00  2.00000000e+00
  0.00000000e+00  0.00000000e+00  0.00000000e+00  0.00000000e+00
  0.00000000e+00  0.00000000e+00  0.00000000e+00  0.00000000e+00
  0.00000000e+00  0.00000000e+00  0.00000000e+00  6.31772953e-01
  1.84580408e+00  9.85388464e+02  1.79325107e+01  1.36882547e+01
  1.36882547e+01  1.27203467e+01  8.03945746e+00  8.03945746e+00
  5.68456738e+00  5.68456738e+00  4.01908899e+00  4.01908899e+00
  2.74429283e+00  2.74429283e+00  4.92331105e+00  1.01143183e+01
  0.00000000e+00  5.68738627e+00  5.81786278e+00  2.25147590e+01
  1.21327341e+01  2.30113806e+01  5.45973036e+01  1.00826603e+01
  0.00000000e+00  3.42111676e+02  8.46153846e-01  1.57692308e+00
  2.23076923e+00  0.00000000e+00 -3.80000000e+00  2.60000000e+01
  3.28246000e+02  1.73493000e+06  1.57117158e+01  6.60117823e+00
  2.95492453e+00  1.49082543e+02  1.08545332e+01  2.68967488e-01
  1.08545332e+01  2.68967488e-01  5.66588305e-02  2.58309634e-01
 -4.11043451e-01 -2.58309634e-01  4.50950000e+00  9.88854000e+01
  3.42358000e+02  0.00000000e+00  6.00000000e+00  0.00000000e+00
  0.00000000e+00  0.00000000e+00  2.00000000e+00  2.00000000e+00
  4.00000000e+00  5.00000000e+00  0.00000000e+00  6.00000000e+00
  0.00000000e+00  4.00000000e+00  0.00000000e+00  0.00000000e+00
  0.00000000e+00  1.26000000e+02  0.00000000e+00  0.00000000e+00
  5.81786278e+00  0.00000000e+00  5.68738627e+00  0.00000000e+00
  1.01143183e+01  9.66578146e+00  5.09868181e+00  0.00000000e+00
  3.63982024e+01  3.03318353e+01  2.94564807e+01  1.63111670e+01
  4.00000000e+00  4.92331105e+00  5.68738627e+00  0.00000000e+00
  1.47644633e+01  0.00000000e+00  0.00000000e+00  0.00000000e+00
  9.51739337e+01  0.00000000e+00  2.83326218e+01  0.00000000e+00
  5.68738627e+00  0.00000000e+00  0.00000000e+00  1.96877743e+01
  0.00000000e+00  1.01143183e+01  0.00000000e+00  8.50596155e+01
  0.00000000e+00  2.83326218e+01  0.00000000e+00  7.38500000e+01
  1.78380889e+00  0.00000000e+00  1.48341019e+01  1.55404422e+01
  3.50419017e+00  7.07884018e-01  2.39099924e+01  1.71958050e+00
  0.00000000e+00  0.00000000e+00  0.00000000e+00  0.00000000e+00
  0.00000000e+00  0.00000000e+00  0.00000000e+00  3.00000000e+00
  0.00000000e+00  0.00000000e+00  0.00000000e+00  0.00000000e+00
  0.00000000e+00  0.00000000e+00  0.00000000e+00  0.00000000e+00
  0.00000000e+00  4.00000000e+00  0.00000000e+00  0.00000000e+00
  0.00000000e+00  0.00000000e+00  0.00000000e+00  0.00000000e+00
  0.00000000e+00  0.00000000e+00  0.00000000e+00  0.00000000e+00
  0.00000000e+00  0.00000000e+00  0.00000000e+00  0.00000000e+00
  0.00000000e+00  0.00000000e+00  0.00000000e+00  0.00000000e+00
  2.00000000e+00  0.00000000e+00  0.00000000e+00  0.00000000e+00
  0.00000000e+00  0.00000000e+00  0.00000000e+00  0.00000000e+00
  0.00000000e+00  0.00000000e+00  0.00000000e+00  0.00000000e+00
  0.00000000e+00  0.00000000e+00  0.00000000e+00  0.00000000e+00
  0.00000000e+00  0.00000000e+00  0.00000000e+00  0.00000000e+00
  0.00000000e+00  0.00000000e+00  0.00000000e+00  0.00000000e+00
  1.00000000e+00  1.00000000e+00  1.00000000e+00  0.00000000e+00
  0.00000000e+00  0.00000000e+00  0.00000000e+00  0.00000000e+00
  0.00000000e+00  0.00000000e+00  0.00000000e+00  0.00000000e+00
  0.00000000e+00  0.00000000e+00  0.00000000e+00  1.00000000e+00
  0.00000000e+00  0.00000000e+00  0.00000000e+00  0.00000000e+00
  0.00000000e+00  0.00000000e+00  0.00000000e+00  0.00000000e+00
  0.00000000e+00  0.00000000e+00  0.00000000e+00  4.03878575e-01]",4.20600754006863,4.98351627959837,6.88486241531321
C1(C2=NC=CC=C2)=NC=CC=C1,C1(C2=NC=CC=C2)=NC=CC=C1,O=C(C(C=C1)=CC=C1N2C(C3=CC=C(N(C4=CC=CC=C4)C5=CC=CC=C5)C=C3)=NC6=C2C7=CC=CN=C7C8=C6C=CC=N8)O,"[ 2.45714948e+00  3.05231590e+02  8.22576835e+00  6.51322934e+00
  6.51322934e+00  5.96632650e+00  3.79096164e+00  3.79096164e+00
  2.42995580e+00  2.42995580e+00  1.59221739e+00  1.59221739e+00
  1.02854901e+00  1.02854901e+00  0.00000000e+00  0.00000000e+00
  0.00000000e+00  0.00000000e+00  0.00000000e+00  1.13878560e+01
  0.00000000e+00  1.23936871e+01  3.63982024e+01  9.96795704e+00
  0.00000000e+00  1.56068748e+02  6.66666667e-01  1.16666667e+00
  1.50000000e+00  0.00000000e+00 -1.70000000e+00  1.20000000e+01
  1.48124000e+02  1.02395273e+03  6.97663873e+00  3.13304807e+00
  1.32075308e+00  7.09277933e+01  4.18648148e+00  2.54621120e-01
  4.18648148e+00  8.85599799e-02  9.14907407e-01  8.85599799e-02
  9.14907407e-01 -2.54621120e-01  2.14360000e+00  4.74680000e+01
  1.56188000e+02  0.00000000e+00  2.00000000e+00  0.00000000e+00
  0.00000000e+00  0.00000000e+00  0.00000000e+00  2.00000000e+00
  2.00000000e+00  2.00000000e+00  0.00000000e+00  2.00000000e+00
  0.00000000e+00  1.00000000e+00  0.00000000e+00  0.00000000e+00
  0.00000000e+00  5.80000000e+01  0.00000000e+00  0.00000000e+00
  0.00000000e+00  0.00000000e+00  0.00000000e+00  0.00000000e+00
  9.96795704e+00  0.00000000e+00  0.00000000e+00  0.00000000e+00
  1.21327341e+01  2.42654683e+01  1.23936871e+01  1.13878560e+01
  2.00000000e+00  0.00000000e+00  0.00000000e+00  0.00000000e+00
  9.96795704e+00  0.00000000e+00  0.00000000e+00  0.00000000e+00
  4.87918896e+01  0.00000000e+00  1.13878560e+01  0.00000000e+00
  0.00000000e+00  0.00000000e+00  0.00000000e+00  9.96795704e+00
  0.00000000e+00  0.00000000e+00  0.00000000e+00  4.87918896e+01
  0.00000000e+00  1.13878560e+01  0.00000000e+00  2.57800000e+01
  0.00000000e+00  0.00000000e+00  8.37296296e+00  0.00000000e+00
  1.82981481e+00  0.00000000e+00  1.15948148e+01  3.53574074e+00
  0.00000000e+00  0.00000000e+00  0.00000000e+00  0.00000000e+00
  0.00000000e+00  0.00000000e+00  0.00000000e+00  2.00000000e+00
  0.00000000e+00  0.00000000e+00  0.00000000e+00  0.00000000e+00
  0.00000000e+00  0.00000000e+00  0.00000000e+00  0.00000000e+00
  0.00000000e+00  2.00000000e+00  0.00000000e+00  0.00000000e+00
  0.00000000e+00  0.00000000e+00  0.00000000e+00  0.00000000e+00
  0.00000000e+00  0.00000000e+00  0.00000000e+00  0.00000000e+00
  0.00000000e+00  0.00000000e+00  0.00000000e+00  0.00000000e+00
  0.00000000e+00  0.00000000e+00  0.00000000e+00  0.00000000e+00
  0.00000000e+00  0.00000000e+00  0.00000000e+00  0.00000000e+00
  0.00000000e+00  0.00000000e+00  0.00000000e+00  0.00000000e+00
  0.00000000e+00  0.00000000e+00  0.00000000e+00  0.00000000e+00
  0.00000000e+00  0.00000000e+00  0.00000000e+00  0.00000000e+00
  0.00000000e+00  0.00000000e+00  0.00000000e+00  0.00000000e+00
  0.00000000e+00  0.00000000e+00  0.00000000e+00  0.00000000e+00
  0.00000000e+00  0.00000000e+00  0.00000000e+00  0.00000000e+00
  0.00000000e+00  0.00000000e+00  0.00000000e+00  0.00000000e+00
  0.00000000e+00  0.00000000e+00  0.00000000e+00  0.00000000e+00
  0.00000000e+00  0.00000000e+00  0.00000000e+00  2.00000000e+00
  0.00000000e+00  0.00000000e+00  0.00000000e+00  0.00000000e+00
  0.00000000e+00  0.00000000e+00  0.00000000e+00  0.00000000e+00
  0.00000000e+00  0.00000000e+00  0.00000000e+00  6.31772953e-01
  2.45714948e+00  3.05231590e+02  8.22576835e+00  6.51322934e+00
  6.51322934e+00  5.96632650e+00  3.79096164e+00  3.79096164e+00
  2.42995580e+00  2.42995580e+00  1.59221739e+00  1.59221739e+00
  1.02854901e+00  1.02854901e+00  0.00000000e+00  0.00000000e+00
  0.00000000e+00  0.00000000e+00  0.00000000e+00  1.13878560e+01
  0.00000000e+00  1.23936871e+01  3.63982024e+01  9.96795704e+00
  0.00000000e+00  1.56068748e+02  6.66666667e-01  1.16666667e+00
  1.50000000e+00  0.00000000e+00 -1.70000000e+00  1.20000000e+01
  1.48124000e+02  1.02395273e+03  6.97663873e+00  3.13304807e+00
  1.32075308e+00  7.09277933e+01  4.18648148e+00  2.54621120e-01
  4.18648148e+00  8.85599799e-02  9.14907407e-01  8.85599799e-02
  9.14907407e-01 -2.54621120e-01  2.14360000e+00  4.74680000e+01
  1.56188000e+02  0.00000000e+00  2.00000000e+00  0.00000000e+00
  0.00000000e+00  0.00000000e+00  0.00000000e+00  2.00000000e+00
  2.00000000e+00  2.00000000e+00  0.00000000e+00  2.00000000e+00
  0.00000000e+00  1.00000000e+00  0.00000000e+00  0.00000000e+00
  0.00000000e+00  5.80000000e+01  0.00000000e+00  0.00000000e+00
  0.00000000e+00  0.00000000e+00  0.00000000e+00  0.00000000e+00
  9.96795704e+00  0.00000000e+00  0.00000000e+00  0.00000000e+00
  1.21327341e+01  2.42654683e+01  1.23936871e+01  1.13878560e+01
  2.00000000e+00  0.00000000e+00  0.00000000e+00  0.00000000e+00
  9.96795704e+00  0.00000000e+00  0.00000000e+00  0.00000000e+00
  4.87918896e+01  0.00000000e+00  1.13878560e+01  0.00000000e+00
  0.00000000e+00  0.00000000e+00  0.00000000e+00  9.96795704e+00
  0.00000000e+00  0.00000000e+00  0.00000000e+00  4.87918896e+01
  0.00000000e+00  1.13878560e+01  0.00000000e+00  2.57800000e+01
  0.00000000e+00  0.00000000e+00  8.37296296e+00  0.00000000e+00
  1.82981481e+00  0.00000000e+00  1.15948148e+01  3.53574074e+00
  0.00000000e+00  0.00000000e+00  0.00000000e+00  0.00000000e+00
  0.00000000e+00  0.00000000e+00  0.00000000e+00  2.00000000e+00
  0.00000000e+00  0.00000000e+00  0.00000000e+00  0.00000000e+00
  0.00000000e+00  0.00000000e+00  0.00000000e+00  0.00000000e+00
  0.00000000e+00  2.00000000e+00  0.00000000e+00  0.00000000e+00
  0.00000000e+00  0.00000000e+00  0.00000000e+00  0.00000000e+00
  0.00000000e+00  0.00000000e+00  0.00000000e+00  0.00000000e+00
  0.00000000e+00  0.00000000e+00  0.00000000e+00  0.00000000e+00
  0.00000000e+00  0.00000000e+00  0.00000000e+00  0.00000000e+00
  0.00000000e+00  0.00000000e+00  0.00000000e+00  0.00000000e+00
  0.00000000e+00  0.00000000e+00  0.00000000e+00  0.00000000e+00
  0.00000000e+00  0.00000000e+00  0.00000000e+00  0.00000000e+00
  0.00000000e+00  0.00000000e+00  0.00000000e+00  0.00000000e+00
  0.00000000e+00  0.00000000e+00  0.00000000e+00  0.00000000e+00
  0.00000000e+00  0.00000000e+00  0.00000000e+00  0.00000000e+00
  0.00000000e+00  0.00000000e+00  0.00000000e+00  0.00000000e+00
  0.00000000e+00  0.00000000e+00  0.00000000e+00  0.00000000e+00
  0.00000000e+00  0.00000000e+00  0.00000000e+00  0.00000000e+00
  0.00000000e+00  0.00000000e+00  0.00000000e+00  2.00000000e+00
  0.00000000e+00  0.00000000e+00  0.00000000e+00  0.00000000e+00
  0.00000000e+00  0.00000000e+00  0.00000000e+00  0.00000000e+00
  0.00000000e+00  0.00000000e+00  0.00000000e+00  6.31772953e-01
  1.36960293e+00  2.29447396e+03  3.03294874e+01  2.39479363e+01
  2.39479363e+01  2.21698364e+01  1.45549819e+01  1.45549819e+01
  1.06725818e+01  1.06725818e+01  8.01233067e+00  8.01233067e+00
  5.98566711e+00  5.98566711e+00  5.96930529e+00  9.90106458e+00
  0.00000000e+00  5.56345149e+00  0.00000000e+00  6.69766524e+01
  0.00000000e+00  2.45264213e+01  7.27964048e+01  6.29819244e+01
  9.96795704e+00  5.83200825e+02  5.77777778e-01  1.13333333e+00
  1.73333333e+00  0.00000000e+00 -6.34000000e+00  4.50000000e+01
  5.58451000e+02  4.97015284e+10  2.62996923e+01  1.07363742e+01
  4.45677372e+00  2.57863381e+02  1.16743657e+01  4.77639236e-01
  1.16743657e+01  3.35180844e-01  2.19595951e-01  3.35180844e-01
 -9.71337048e-01 -4.77639236e-01  8.95690000e+00  1.78750300e+02
  5.83651000e+02  1.00000000e+00  7.00000000e+00  0.00000000e+00
  0.00000000e+00  0.00000000e+00  5.00000000e+00  3.00000000e+00
  8.00000000e+00  6.00000000e+00  1.00000000e+00  7.00000000e+00
  0.00000000e+00  6.00000000e+00  0.00000000e+00  0.00000000e+00
  0.00000000e+00  2.14000000e+02  1.00064371e+01  5.82440450e+00
  0.00000000e+00  0.00000000e+00  0.00000000e+00  5.96930529e+00
  1.45350567e+01  9.77851571e+00  0.00000000e+00  0.00000000e+00
  3.63982024e+01  9.70618731e+01  5.14791322e+01  2.76302544e+01
  8.00000000e+00  9.90106458e+00  5.58707154e+01  0.00000000e+00
  1.95190352e+01  0.00000000e+00  0.00000000e+00  4.89990973e+00
  1.51417214e+02  0.00000000e+00  1.70752423e+01  4.89990973e+00
  1.70621588e+01  0.00000000e+00  0.00000000e+00  3.05948679e+01
  0.00000000e+00  0.00000000e+00  1.03579887e+01  1.45853763e+02
  0.00000000e+00  4.99144936e+01  0.00000000e+00  8.41400000e+01
  2.09581727e+00  0.00000000e+00  2.85398789e+01  1.13800045e+01
  8.30278211e+00 -2.42537655e-01  4.37114792e+01  3.54590902e+00
  0.00000000e+00  0.00000000e+00  0.00000000e+00  0.00000000e+00
  0.00000000e+00  0.00000000e+00  1.00000000e+00  4.00000000e+00
  0.00000000e+00  0.00000000e+00  1.00000000e+00  1.00000000e+00
  1.00000000e+00  0.00000000e+00  0.00000000e+00  0.00000000e+00
  0.00000000e+00  5.00000000e+00  0.00000000e+00  0.00000000e+00
  0.00000000e+00  0.00000000e+00  0.00000000e+00  0.00000000e+00
  0.00000000e+00  0.00000000e+00  0.00000000e+00  0.00000000e+00
  0.00000000e+00  0.00000000e+00  0.00000000e+00  3.00000000e+00
  0.00000000e+00  0.00000000e+00  0.00000000e+00  0.00000000e+00
  5.00000000e+00  0.00000000e+00  6.00000000e+00  0.00000000e+00
  0.00000000e+00  0.00000000e+00  0.00000000e+00  0.00000000e+00
  0.00000000e+00  0.00000000e+00  0.00000000e+00  0.00000000e+00
  0.00000000e+00  1.00000000e+00  0.00000000e+00  0.00000000e+00
  0.00000000e+00  0.00000000e+00  0.00000000e+00  0.00000000e+00
  0.00000000e+00  0.00000000e+00  0.00000000e+00  0.00000000e+00
  0.00000000e+00  0.00000000e+00  0.00000000e+00  0.00000000e+00
  0.00000000e+00  0.00000000e+00  2.00000000e+00  0.00000000e+00
  0.00000000e+00  0.00000000e+00  0.00000000e+00  0.00000000e+00
  0.00000000e+00  0.00000000e+00  0.00000000e+00  2.00000000e+00
  0.00000000e+00  0.00000000e+00  0.00000000e+00  0.00000000e+00
  0.00000000e+00  0.00000000e+00  0.00000000e+00  0.00000000e+00
  0.00000000e+00  0.00000000e+00  0.00000000e+00  1.96781996e-01]",4.155022160026206,5.0078447456480895,6.840407874171056
C12=NC=CC=C1C=CC3=C2N=CC=C3,C12=NC=CC=C1C=CC3=C2N=CC=C3,BrC(C=C1)=CC(O)=C1C2=NC3=CC=CC=C3S2,"[ 2.61031869e+00  5.47292517e+02  9.38046889e+00  7.51322934e+00
  7.51322934e+00  6.94948974e+00  4.53497858e+00  4.53497858e+00
  3.21580533e+00  3.21580533e+00  2.34459704e+00  2.34459704e+00
  1.67974026e+00  1.67974026e+00  0.00000000e+00  0.00000000e+00
  0.00000000e+00  0.00000000e+00  0.00000000e+00  2.18058499e+01
  0.00000000e+00  1.23936871e+01  1.21327341e+01  3.42334253e+01
  0.00000000e+00  1.80068748e+02  6.42857143e-01  1.14285714e+00
  1.64285714e+00  0.00000000e+00 -1.96000000e+00  1.40000000e+01
  1.72146000e+02  3.40880776e+03  7.44441230e+00  2.77102896e+00
  9.72920490e-01  8.12340281e+01  4.34685185e+00  2.53960355e-01
  4.34685185e+00  9.64012555e-02  9.77407407e-01  9.64012555e-02
  9.77407407e-01 -2.53960355e-01  2.78300000e+00  5.70440000e+01
  1.80210000e+02  0.00000000e+00  2.00000000e+00  0.00000000e+00
  0.00000000e+00  0.00000000e+00  1.00000000e+00  2.00000000e+00
  3.00000000e+00  2.00000000e+00  0.00000000e+00  2.00000000e+00
  0.00000000e+00  0.00000000e+00  0.00000000e+00  0.00000000e+00
  0.00000000e+00  6.60000000e+01  0.00000000e+00  0.00000000e+00
  0.00000000e+00  0.00000000e+00  0.00000000e+00  0.00000000e+00
  9.96795704e+00  0.00000000e+00  0.00000000e+00  0.00000000e+00
  2.42654683e+01  1.21327341e+01  2.31661356e+01  1.10334014e+01
  3.00000000e+00  0.00000000e+00  2.18058499e+01  0.00000000e+00
  9.96795704e+00  0.00000000e+00  0.00000000e+00  0.00000000e+00
  4.87918896e+01  0.00000000e+00  0.00000000e+00  0.00000000e+00
  0.00000000e+00  0.00000000e+00  0.00000000e+00  9.96795704e+00
  0.00000000e+00  0.00000000e+00  0.00000000e+00  4.87918896e+01
  0.00000000e+00  2.18058499e+01  0.00000000e+00  2.57800000e+01
  0.00000000e+00  0.00000000e+00  8.69370370e+00  2.27537037e+00
  1.95481481e+00  0.00000000e+00  1.21387037e+01  3.60407407e+00
  0.00000000e+00  0.00000000e+00  0.00000000e+00  0.00000000e+00
  0.00000000e+00  0.00000000e+00  0.00000000e+00  2.00000000e+00
  0.00000000e+00  0.00000000e+00  0.00000000e+00  0.00000000e+00
  0.00000000e+00  0.00000000e+00  0.00000000e+00  0.00000000e+00
  0.00000000e+00  2.00000000e+00  0.00000000e+00  0.00000000e+00
  0.00000000e+00  0.00000000e+00  0.00000000e+00  0.00000000e+00
  0.00000000e+00  0.00000000e+00  0.00000000e+00  0.00000000e+00
  0.00000000e+00  0.00000000e+00  0.00000000e+00  0.00000000e+00
  0.00000000e+00  0.00000000e+00  0.00000000e+00  0.00000000e+00
  1.00000000e+00  0.00000000e+00  3.00000000e+00  0.00000000e+00
  0.00000000e+00  0.00000000e+00  0.00000000e+00  0.00000000e+00
  0.00000000e+00  0.00000000e+00  0.00000000e+00  0.00000000e+00
  0.00000000e+00  0.00000000e+00  0.00000000e+00  0.00000000e+00
  0.00000000e+00  0.00000000e+00  0.00000000e+00  0.00000000e+00
  0.00000000e+00  0.00000000e+00  0.00000000e+00  0.00000000e+00
  0.00000000e+00  0.00000000e+00  0.00000000e+00  0.00000000e+00
  0.00000000e+00  0.00000000e+00  0.00000000e+00  0.00000000e+00
  0.00000000e+00  0.00000000e+00  0.00000000e+00  0.00000000e+00
  0.00000000e+00  0.00000000e+00  0.00000000e+00  2.00000000e+00
  0.00000000e+00  0.00000000e+00  0.00000000e+00  0.00000000e+00
  0.00000000e+00  0.00000000e+00  0.00000000e+00  0.00000000e+00
  0.00000000e+00  0.00000000e+00  0.00000000e+00  4.96979970e-01
  2.61031869e+00  5.47292517e+02  9.38046889e+00  7.51322934e+00
  7.51322934e+00  6.94948974e+00  4.53497858e+00  4.53497858e+00
  3.21580533e+00  3.21580533e+00  2.34459704e+00  2.34459704e+00
  1.67974026e+00  1.67974026e+00  0.00000000e+00  0.00000000e+00
  0.00000000e+00  0.00000000e+00  0.00000000e+00  2.18058499e+01
  0.00000000e+00  1.23936871e+01  1.21327341e+01  3.42334253e+01
  0.00000000e+00  1.80068748e+02  6.42857143e-01  1.14285714e+00
  1.64285714e+00  0.00000000e+00 -1.96000000e+00  1.40000000e+01
  1.72146000e+02  3.40880776e+03  7.44441230e+00  2.77102896e+00
  9.72920490e-01  8.12340281e+01  4.34685185e+00  2.53960355e-01
  4.34685185e+00  9.64012555e-02  9.77407407e-01  9.64012555e-02
  9.77407407e-01 -2.53960355e-01  2.78300000e+00  5.70440000e+01
  1.80210000e+02  0.00000000e+00  2.00000000e+00  0.00000000e+00
  0.00000000e+00  0.00000000e+00  1.00000000e+00  2.00000000e+00
  3.00000000e+00  2.00000000e+00  0.00000000e+00  2.00000000e+00
  0.00000000e+00  0.00000000e+00  0.00000000e+00  0.00000000e+00
  0.00000000e+00  6.60000000e+01  0.00000000e+00  0.00000000e+00
  0.00000000e+00  0.00000000e+00  0.00000000e+00  0.00000000e+00
  9.96795704e+00  0.00000000e+00  0.00000000e+00  0.00000000e+00
  2.42654683e+01  1.21327341e+01  2.31661356e+01  1.10334014e+01
  3.00000000e+00  0.00000000e+00  2.18058499e+01  0.00000000e+00
  9.96795704e+00  0.00000000e+00  0.00000000e+00  0.00000000e+00
  4.87918896e+01  0.00000000e+00  0.00000000e+00  0.00000000e+00
  0.00000000e+00  0.00000000e+00  0.00000000e+00  9.96795704e+00
  0.00000000e+00  0.00000000e+00  0.00000000e+00  4.87918896e+01
  0.00000000e+00  2.18058499e+01  0.00000000e+00  2.57800000e+01
  0.00000000e+00  0.00000000e+00  8.69370370e+00  2.27537037e+00
  1.95481481e+00  0.00000000e+00  1.21387037e+01  3.60407407e+00
  0.00000000e+00  0.00000000e+00  0.00000000e+00  0.00000000e+00
  0.00000000e+00  0.00000000e+00  0.00000000e+00  2.00000000e+00
  0.00000000e+00  0.00000000e+00  0.00000000e+00  0.00000000e+00
  0.00000000e+00  0.00000000e+00  0.00000000e+00  0.00000000e+00
  0.00000000e+00  2.00000000e+00  0.00000000e+00  0.00000000e+00
  0.00000000e+00  0.00000000e+00  0.00000000e+00  0.00000000e+00
  0.00000000e+00  0.00000000e+00  0.00000000e+00  0.00000000e+00
  0.00000000e+00  0.00000000e+00  0.00000000e+00  0.00000000e+00
  0.00000000e+00  0.00000000e+00  0.00000000e+00  0.00000000e+00
  1.00000000e+00  0.00000000e+00  3.00000000e+00  0.00000000e+00
  0.00000000e+00  0.00000000e+00  0.00000000e+00  0.00000000e+00
  0.00000000e+00  0.00000000e+00  0.00000000e+00  0.00000000e+00
  0.00000000e+00  0.00000000e+00  0.00000000e+00  0.00000000e+00
  0.00000000e+00  0.00000000e+00  0.00000000e+00  0.00000000e+00
  0.00000000e+00  0.00000000e+00  0.00000000e+00  0.00000000e+00
  0.00000000e+00  0.00000000e+00  0.00000000e+00  0.00000000e+00
  0.00000000e+00  0.00000000e+00  0.00000000e+00  0.00000000e+00
  0.00000000e+00  0.00000000e+00  0.00000000e+00  0.00000000e+00
  0.00000000e+00  0.00000000e+00  0.00000000e+00  2.00000000e+00
  0.00000000e+00  0.00000000e+00  0.00000000e+00  0.00000000e+00
  0.00000000e+00  0.00000000e+00  0.00000000e+00  0.00000000e+00
  0.00000000e+00  0.00000000e+00  0.00000000e+00  4.96979970e-01
  2.20022888e+00  6.59702252e+02  1.18280626e+01  8.72209184e+00
  1.11245850e+01  8.23718344e+00  5.08343506e+00  6.69292991e+00
  3.64821373e+00  5.59453814e+00  2.48407187e+00  4.04700715e+00
  1.67305811e+00  3.02178600e+00  0.00000000e+00  5.10652739e+00
  0.00000000e+00  5.74951183e+00  0.00000000e+00  2.52604153e+01
  0.00000000e+00  1.74031529e+01  3.63982024e+01  2.09139224e+01
  0.00000000e+00  3.04950997e+02  1.11764706e+00  1.94117647e+00
  2.70588235e+00  0.00000000e+00 -1.39000000e+00  1.70000000e+01
  2.98120000e+02  1.36607950e+04  1.07444607e+01  4.12617183e+00
  1.93944376e+00  1.10691954e+02  9.90659864e+00  5.07176839e-01
  9.90659864e+00  1.27835228e-01  2.48547336e-01  1.27835228e-01
  2.48547336e-01 -5.07176839e-01  4.43140000e+00  7.44208000e+01
  3.06184000e+02  1.00000000e+00  2.00000000e+00  0.00000000e+00
  0.00000000e+00  0.00000000e+00  2.00000000e+00  1.00000000e+00
  3.00000000e+00  3.00000000e+00  1.00000000e+00  4.00000000e+00
  0.00000000e+00  1.00000000e+00  0.00000000e+00  0.00000000e+00
  0.00000000e+00  8.40000000e+01  5.10652739e+00  1.07571355e+01
  0.00000000e+00  0.00000000e+00  0.00000000e+00  0.00000000e+00
  0.00000000e+00  4.98397852e+00  0.00000000e+00  1.13367859e+01
  2.80626780e+01  3.03318353e+01  4.47271952e+00  1.57800721e+01
  3.00000000e+00  5.10652739e+00  3.74833504e+01  0.00000000e+00
  4.98397852e+00  0.00000000e+00  0.00000000e+00  0.00000000e+00
  4.69372890e+01  0.00000000e+00  1.63205870e+01  0.00000000e+00
  0.00000000e+00  5.74951183e+00  2.72667298e+01  1.00905059e+01
  0.00000000e+00  0.00000000e+00  0.00000000e+00  4.69372890e+01
  0.00000000e+00  2.07876958e+01  0.00000000e+00  3.31200000e+01
  1.99044432e+00  4.91046509e+00  4.51667611e+00  1.07503023e+01
  1.74001736e+00  2.48547336e-01  1.34268808e+01  0.00000000e+00
  0.00000000e+00  0.00000000e+00  0.00000000e+00  0.00000000e+00
  0.00000000e+00  0.00000000e+00  0.00000000e+00  1.00000000e+00
  0.00000000e+00  1.00000000e+00  0.00000000e+00  0.00000000e+00
  0.00000000e+00  0.00000000e+00  0.00000000e+00  0.00000000e+00
  0.00000000e+00  1.00000000e+00  0.00000000e+00  0.00000000e+00
  0.00000000e+00  0.00000000e+00  0.00000000e+00  0.00000000e+00
  0.00000000e+00  0.00000000e+00  0.00000000e+00  0.00000000e+00
  0.00000000e+00  0.00000000e+00  0.00000000e+00  0.00000000e+00
  0.00000000e+00  0.00000000e+00  0.00000000e+00  0.00000000e+00
  2.00000000e+00  0.00000000e+00  1.00000000e+00  0.00000000e+00
  0.00000000e+00  0.00000000e+00  0.00000000e+00  0.00000000e+00
  0.00000000e+00  0.00000000e+00  1.00000000e+00  0.00000000e+00
  0.00000000e+00  0.00000000e+00  0.00000000e+00  0.00000000e+00
  0.00000000e+00  0.00000000e+00  0.00000000e+00  0.00000000e+00
  0.00000000e+00  0.00000000e+00  0.00000000e+00  0.00000000e+00
  0.00000000e+00  0.00000000e+00  0.00000000e+00  0.00000000e+00
  0.00000000e+00  0.00000000e+00  1.00000000e+00  1.00000000e+00
  1.00000000e+00  0.00000000e+00  0.00000000e+00  0.00000000e+00
  0.00000000e+00  0.00000000e+00  0.00000000e+00  0.00000000e+00
  0.00000000e+00  0.00000000e+00  0.00000000e+00  0.00000000e+00
  0.00000000e+00  0.00000000e+00  1.00000000e+00  0.00000000e+00
  0.00000000e+00  0.00000000e+00  0.00000000e+00  7.21156229e-01]",6.085037785709077,5.076658546934394,8.788810762048904
C12=NC=CC=C1C=CC3=C2N=CC=C3,C12=NC=CC=C1C=CC3=C2N=CC=C3,OC(C=C(N(CC)CC)C=C1)=C1C2=NC3=CC=CC=C3S2,"[ 2.61031869e+00  5.47292517e+02  9.38046889e+00  7.51322934e+00
  7.51322934e+00  6.94948974e+00  4.53497858e+00  4.53497858e+00
  3.21580533e+00  3.21580533e+00  2.34459704e+00  2.34459704e+00
  1.67974026e+00  1.67974026e+00  0.00000000e+00  0.00000000e+00
  0.00000000e+00  0.00000000e+00  0.00000000e+00  2.18058499e+01
  0.00000000e+00  1.23936871e+01  1.21327341e+01  3.42334253e+01
  0.00000000e+00  1.80068748e+02  6.42857143e-01  1.14285714e+00
  1.64285714e+00  0.00000000e+00 -1.96000000e+00  1.40000000e+01
  1.72146000e+02  3.40880776e+03  7.44441230e+00  2.77102896e+00
  9.72920490e-01  8.12340281e+01  4.34685185e+00  2.53960355e-01
  4.34685185e+00  9.64012555e-02  9.77407407e-01  9.64012555e-02
  9.77407407e-01 -2.53960355e-01  2.78300000e+00  5.70440000e+01
  1.80210000e+02  0.00000000e+00  2.00000000e+00  0.00000000e+00
  0.00000000e+00  0.00000000e+00  1.00000000e+00  2.00000000e+00
  3.00000000e+00  2.00000000e+00  0.00000000e+00  2.00000000e+00
  0.00000000e+00  0.00000000e+00  0.00000000e+00  0.00000000e+00
  0.00000000e+00  6.60000000e+01  0.00000000e+00  0.00000000e+00
  0.00000000e+00  0.00000000e+00  0.00000000e+00  0.00000000e+00
  9.96795704e+00  0.00000000e+00  0.00000000e+00  0.00000000e+00
  2.42654683e+01  1.21327341e+01  2.31661356e+01  1.10334014e+01
  3.00000000e+00  0.00000000e+00  2.18058499e+01  0.00000000e+00
  9.96795704e+00  0.00000000e+00  0.00000000e+00  0.00000000e+00
  4.87918896e+01  0.00000000e+00  0.00000000e+00  0.00000000e+00
  0.00000000e+00  0.00000000e+00  0.00000000e+00  9.96795704e+00
  0.00000000e+00  0.00000000e+00  0.00000000e+00  4.87918896e+01
  0.00000000e+00  2.18058499e+01  0.00000000e+00  2.57800000e+01
  0.00000000e+00  0.00000000e+00  8.69370370e+00  2.27537037e+00
  1.95481481e+00  0.00000000e+00  1.21387037e+01  3.60407407e+00
  0.00000000e+00  0.00000000e+00  0.00000000e+00  0.00000000e+00
  0.00000000e+00  0.00000000e+00  0.00000000e+00  2.00000000e+00
  0.00000000e+00  0.00000000e+00  0.00000000e+00  0.00000000e+00
  0.00000000e+00  0.00000000e+00  0.00000000e+00  0.00000000e+00
  0.00000000e+00  2.00000000e+00  0.00000000e+00  0.00000000e+00
  0.00000000e+00  0.00000000e+00  0.00000000e+00  0.00000000e+00
  0.00000000e+00  0.00000000e+00  0.00000000e+00  0.00000000e+00
  0.00000000e+00  0.00000000e+00  0.00000000e+00  0.00000000e+00
  0.00000000e+00  0.00000000e+00  0.00000000e+00  0.00000000e+00
  1.00000000e+00  0.00000000e+00  3.00000000e+00  0.00000000e+00
  0.00000000e+00  0.00000000e+00  0.00000000e+00  0.00000000e+00
  0.00000000e+00  0.00000000e+00  0.00000000e+00  0.00000000e+00
  0.00000000e+00  0.00000000e+00  0.00000000e+00  0.00000000e+00
  0.00000000e+00  0.00000000e+00  0.00000000e+00  0.00000000e+00
  0.00000000e+00  0.00000000e+00  0.00000000e+00  0.00000000e+00
  0.00000000e+00  0.00000000e+00  0.00000000e+00  0.00000000e+00
  0.00000000e+00  0.00000000e+00  0.00000000e+00  0.00000000e+00
  0.00000000e+00  0.00000000e+00  0.00000000e+00  0.00000000e+00
  0.00000000e+00  0.00000000e+00  0.00000000e+00  2.00000000e+00
  0.00000000e+00  0.00000000e+00  0.00000000e+00  0.00000000e+00
  0.00000000e+00  0.00000000e+00  0.00000000e+00  0.00000000e+00
  0.00000000e+00  0.00000000e+00  0.00000000e+00  4.96979970e-01
  2.61031869e+00  5.47292517e+02  9.38046889e+00  7.51322934e+00
  7.51322934e+00  6.94948974e+00  4.53497858e+00  4.53497858e+00
  3.21580533e+00  3.21580533e+00  2.34459704e+00  2.34459704e+00
  1.67974026e+00  1.67974026e+00  0.00000000e+00  0.00000000e+00
  0.00000000e+00  0.00000000e+00  0.00000000e+00  2.18058499e+01
  0.00000000e+00  1.23936871e+01  1.21327341e+01  3.42334253e+01
  0.00000000e+00  1.80068748e+02  6.42857143e-01  1.14285714e+00
  1.64285714e+00  0.00000000e+00 -1.96000000e+00  1.40000000e+01
  1.72146000e+02  3.40880776e+03  7.44441230e+00  2.77102896e+00
  9.72920490e-01  8.12340281e+01  4.34685185e+00  2.53960355e-01
  4.34685185e+00  9.64012555e-02  9.77407407e-01  9.64012555e-02
  9.77407407e-01 -2.53960355e-01  2.78300000e+00  5.70440000e+01
  1.80210000e+02  0.00000000e+00  2.00000000e+00  0.00000000e+00
  0.00000000e+00  0.00000000e+00  1.00000000e+00  2.00000000e+00
  3.00000000e+00  2.00000000e+00  0.00000000e+00  2.00000000e+00
  0.00000000e+00  0.00000000e+00  0.00000000e+00  0.00000000e+00
  0.00000000e+00  6.60000000e+01  0.00000000e+00  0.00000000e+00
  0.00000000e+00  0.00000000e+00  0.00000000e+00  0.00000000e+00
  9.96795704e+00  0.00000000e+00  0.00000000e+00  0.00000000e+00
  2.42654683e+01  1.21327341e+01  2.31661356e+01  1.10334014e+01
  3.00000000e+00  0.00000000e+00  2.18058499e+01  0.00000000e+00
  9.96795704e+00  0.00000000e+00  0.00000000e+00  0.00000000e+00
  4.87918896e+01  0.00000000e+00  0.00000000e+00  0.00000000e+00
  0.00000000e+00  0.00000000e+00  0.00000000e+00  9.96795704e+00
  0.00000000e+00  0.00000000e+00  0.00000000e+00  4.87918896e+01
  0.00000000e+00  2.18058499e+01  0.00000000e+00  2.57800000e+01
  0.00000000e+00  0.00000000e+00  8.69370370e+00  2.27537037e+00
  1.95481481e+00  0.00000000e+00  1.21387037e+01  3.60407407e+00
  0.00000000e+00  0.00000000e+00  0.00000000e+00  0.00000000e+00
  0.00000000e+00  0.00000000e+00  0.00000000e+00  2.00000000e+00
  0.00000000e+00  0.00000000e+00  0.00000000e+00  0.00000000e+00
  0.00000000e+00  0.00000000e+00  0.00000000e+00  0.00000000e+00
  0.00000000e+00  2.00000000e+00  0.00000000e+00  0.00000000e+00
  0.00000000e+00  0.00000000e+00  0.00000000e+00  0.00000000e+00
  0.00000000e+00  0.00000000e+00  0.00000000e+00  0.00000000e+00
  0.00000000e+00  0.00000000e+00  0.00000000e+00  0.00000000e+00
  0.00000000e+00  0.00000000e+00  0.00000000e+00  0.00000000e+00
  1.00000000e+00  0.00000000e+00  3.00000000e+00  0.00000000e+00
  0.00000000e+00  0.00000000e+00  0.00000000e+00  0.00000000e+00
  0.00000000e+00  0.00000000e+00  0.00000000e+00  0.00000000e+00
  0.00000000e+00  0.00000000e+00  0.00000000e+00  0.00000000e+00
  0.00000000e+00  0.00000000e+00  0.00000000e+00  0.00000000e+00
  0.00000000e+00  0.00000000e+00  0.00000000e+00  0.00000000e+00
  0.00000000e+00  0.00000000e+00  0.00000000e+00  0.00000000e+00
  0.00000000e+00  0.00000000e+00  0.00000000e+00  0.00000000e+00
  0.00000000e+00  0.00000000e+00  0.00000000e+00  0.00000000e+00
  0.00000000e+00  0.00000000e+00  0.00000000e+00  2.00000000e+00
  0.00000000e+00  0.00000000e+00  0.00000000e+00  0.00000000e+00
  0.00000000e+00  0.00000000e+00  0.00000000e+00  0.00000000e+00
  0.00000000e+00  0.00000000e+00  0.00000000e+00  4.96979970e-01
  2.02248652e+00  7.29326026e+02  1.48196265e+01  1.22055545e+01
  1.30220511e+01  1.02238767e+01  7.16472872e+00  7.98122530e+00
  4.86048483e+00  5.89113371e+00  3.63419837e+00  4.70388202e+00
  2.47374803e+00  3.47347446e+00  0.00000000e+00  5.10652739e+00
  0.00000000e+00  0.00000000e+00  5.74951183e+00  3.95645949e+01
  0.00000000e+00  1.13367859e+01  3.63982024e+01  2.97977297e+01
  0.00000000e+00  2.98113984e+02  1.09523810e+00  1.85714286e+00
  2.52380952e+00  2.35294118e-01 -2.07000000e+00  2.10000000e+01
  2.80267000e+02  1.00591452e+05  1.38922547e+01  5.73694613e+00
  2.58798715e+00  1.28044009e+02  1.03498639e+01  5.07138017e-01
  1.03498639e+01  1.27836543e-01  2.90237150e-01  1.27836543e-01
  2.90237150e-01 -5.07138017e-01  4.51510000e+00  9.02818000e+01
  2.98411000e+02  1.00000000e+00  3.00000000e+00  0.00000000e+00
  0.00000000e+00  0.00000000e+00  2.00000000e+00  1.00000000e+00
  3.00000000e+00  4.00000000e+00  1.00000000e+00  4.00000000e+00
  0.00000000e+00  4.00000000e+00  0.00000000e+00  0.00000000e+00
  0.00000000e+00  1.08000000e+02  1.00064371e+01  1.07571355e+01
  0.00000000e+00  0.00000000e+00  0.00000000e+00  0.00000000e+00
  0.00000000e+00  4.98397852e+00  0.00000000e+00  1.13367859e+01
  1.21327341e+01  3.81129427e+01  2.48432662e+01  1.57800721e+01
  3.00000000e+00  5.10652739e+00  2.72407928e+01  0.00000000e+00
  4.98397852e+00  0.00000000e+00  1.38474744e+01  1.79894225e+01
  4.24645695e+01  0.00000000e+00  1.63205870e+01  4.89990973e+00
  5.68738627e+00  5.74951183e+00  1.13367859e+01  2.31800187e+01
  0.00000000e+00  0.00000000e+00  1.38474744e+01  4.24645695e+01
  0.00000000e+00  2.07876958e+01  0.00000000e+00  3.63600000e+01
  1.13862912e+00  1.60558526e+00  6.81371772e+00  1.12107870e+01
  2.81869137e+00  2.90237150e-01  1.38754699e+01  0.00000000e+00
  6.08021579e+00  0.00000000e+00  0.00000000e+00  0.00000000e+00
  0.00000000e+00  0.00000000e+00  0.00000000e+00  1.00000000e+00
  0.00000000e+00  1.00000000e+00  0.00000000e+00  0.00000000e+00
  0.00000000e+00  0.00000000e+00  0.00000000e+00  0.00000000e+00
  0.00000000e+00  2.00000000e+00  0.00000000e+00  0.00000000e+00
  0.00000000e+00  0.00000000e+00  0.00000000e+00  0.00000000e+00
  0.00000000e+00  0.00000000e+00  0.00000000e+00  0.00000000e+00
  0.00000000e+00  0.00000000e+00  0.00000000e+00  1.00000000e+00
  0.00000000e+00  0.00000000e+00  0.00000000e+00  0.00000000e+00
  2.00000000e+00  0.00000000e+00  1.00000000e+00  0.00000000e+00
  0.00000000e+00  0.00000000e+00  0.00000000e+00  0.00000000e+00
  0.00000000e+00  0.00000000e+00  0.00000000e+00  0.00000000e+00
  0.00000000e+00  0.00000000e+00  0.00000000e+00  0.00000000e+00
  0.00000000e+00  0.00000000e+00  0.00000000e+00  0.00000000e+00
  0.00000000e+00  0.00000000e+00  0.00000000e+00  0.00000000e+00
  0.00000000e+00  0.00000000e+00  0.00000000e+00  0.00000000e+00
  0.00000000e+00  0.00000000e+00  1.00000000e+00  1.00000000e+00
  1.00000000e+00  0.00000000e+00  0.00000000e+00  0.00000000e+00
  0.00000000e+00  0.00000000e+00  0.00000000e+00  0.00000000e+00
  0.00000000e+00  0.00000000e+00  0.00000000e+00  0.00000000e+00
  0.00000000e+00  0.00000000e+00  1.00000000e+00  0.00000000e+00
  0.00000000e+00  0.00000000e+00  0.00000000e+00  7.69303375e-01]",5.907212208372392,5.176840278616768,8.637532702601622
C1(C2=CC=CC=N2)=NC=CC=C1,C1(C2=CC=CC=N2)=NC=CC=C1,OC1=C(N=C(/C=C/C2=CN=CC=C2)C=C3)C3=CC=C1,"[ 2.45714948e+00  3.05231590e+02  8.22576835e+00  6.51322934e+00
  6.51322934e+00  5.96632650e+00  3.79096164e+00  3.79096164e+00
  2.42995580e+00  2.42995580e+00  1.59221739e+00  1.59221739e+00
  1.02854901e+00  1.02854901e+00  0.00000000e+00  0.00000000e+00
  0.00000000e+00  0.00000000e+00  0.00000000e+00  1.13878560e+01
  0.00000000e+00  1.23936871e+01  3.63982024e+01  9.96795704e+00
  0.00000000e+00  1.56068748e+02  6.66666667e-01  1.16666667e+00
  1.50000000e+00  0.00000000e+00 -1.70000000e+00  1.20000000e+01
  1.48124000e+02  1.02395273e+03  6.97663873e+00  3.13304807e+00
  1.32075308e+00  7.09277933e+01  4.18648148e+00  2.54621120e-01
  4.18648148e+00  8.85599799e-02  9.14907407e-01  8.85599799e-02
  9.14907407e-01 -2.54621120e-01  2.14360000e+00  4.74680000e+01
  1.56188000e+02  0.00000000e+00  2.00000000e+00  0.00000000e+00
  0.00000000e+00  0.00000000e+00  0.00000000e+00  2.00000000e+00
  2.00000000e+00  2.00000000e+00  0.00000000e+00  2.00000000e+00
  0.00000000e+00  1.00000000e+00  0.00000000e+00  0.00000000e+00
  0.00000000e+00  5.80000000e+01  0.00000000e+00  0.00000000e+00
  0.00000000e+00  0.00000000e+00  0.00000000e+00  0.00000000e+00
  9.96795704e+00  0.00000000e+00  0.00000000e+00  0.00000000e+00
  1.21327341e+01  2.42654683e+01  1.23936871e+01  1.13878560e+01
  2.00000000e+00  0.00000000e+00  0.00000000e+00  0.00000000e+00
  9.96795704e+00  0.00000000e+00  0.00000000e+00  0.00000000e+00
  4.87918896e+01  0.00000000e+00  1.13878560e+01  0.00000000e+00
  0.00000000e+00  0.00000000e+00  0.00000000e+00  9.96795704e+00
  0.00000000e+00  0.00000000e+00  0.00000000e+00  4.87918896e+01
  0.00000000e+00  1.13878560e+01  0.00000000e+00  2.57800000e+01
  0.00000000e+00  0.00000000e+00  8.37296296e+00  0.00000000e+00
  1.82981481e+00  0.00000000e+00  1.15948148e+01  3.53574074e+00
  0.00000000e+00  0.00000000e+00  0.00000000e+00  0.00000000e+00
  0.00000000e+00  0.00000000e+00  0.00000000e+00  2.00000000e+00
  0.00000000e+00  0.00000000e+00  0.00000000e+00  0.00000000e+00
  0.00000000e+00  0.00000000e+00  0.00000000e+00  0.00000000e+00
  0.00000000e+00  2.00000000e+00  0.00000000e+00  0.00000000e+00
  0.00000000e+00  0.00000000e+00  0.00000000e+00  0.00000000e+00
  0.00000000e+00  0.00000000e+00  0.00000000e+00  0.00000000e+00
  0.00000000e+00  0.00000000e+00  0.00000000e+00  0.00000000e+00
  0.00000000e+00  0.00000000e+00  0.00000000e+00  0.00000000e+00
  0.00000000e+00  0.00000000e+00  0.00000000e+00  0.00000000e+00
  0.00000000e+00  0.00000000e+00  0.00000000e+00  0.00000000e+00
  0.00000000e+00  0.00000000e+00  0.00000000e+00  0.00000000e+00
  0.00000000e+00  0.00000000e+00  0.00000000e+00  0.00000000e+00
  0.00000000e+00  0.00000000e+00  0.00000000e+00  0.00000000e+00
  0.00000000e+00  0.00000000e+00  0.00000000e+00  0.00000000e+00
  0.00000000e+00  0.00000000e+00  0.00000000e+00  0.00000000e+00
  0.00000000e+00  0.00000000e+00  0.00000000e+00  0.00000000e+00
  0.00000000e+00  0.00000000e+00  0.00000000e+00  0.00000000e+00
  0.00000000e+00  0.00000000e+00  0.00000000e+00  2.00000000e+00
  0.00000000e+00  0.00000000e+00  0.00000000e+00  0.00000000e+00
  0.00000000e+00  0.00000000e+00  0.00000000e+00  0.00000000e+00
  0.00000000e+00  0.00000000e+00  0.00000000e+00  6.31772953e-01
  2.45714948e+00  3.05231590e+02  8.22576835e+00  6.51322934e+00
  6.51322934e+00  5.96632650e+00  3.79096164e+00  3.79096164e+00
  2.42995580e+00  2.42995580e+00  1.59221739e+00  1.59221739e+00
  1.02854901e+00  1.02854901e+00  0.00000000e+00  0.00000000e+00
  0.00000000e+00  0.00000000e+00  0.00000000e+00  1.13878560e+01
  0.00000000e+00  1.23936871e+01  3.63982024e+01  9.96795704e+00
  0.00000000e+00  1.56068748e+02  6.66666667e-01  1.16666667e+00
  1.50000000e+00  0.00000000e+00 -1.70000000e+00  1.20000000e+01
  1.48124000e+02  1.02395273e+03  6.97663873e+00  3.13304807e+00
  1.32075308e+00  7.09277933e+01  4.18648148e+00  2.54621120e-01
  4.18648148e+00  8.85599799e-02  9.14907407e-01  8.85599799e-02
  9.14907407e-01 -2.54621120e-01  2.14360000e+00  4.74680000e+01
  1.56188000e+02  0.00000000e+00  2.00000000e+00  0.00000000e+00
  0.00000000e+00  0.00000000e+00  0.00000000e+00  2.00000000e+00
  2.00000000e+00  2.00000000e+00  0.00000000e+00  2.00000000e+00
  0.00000000e+00  1.00000000e+00  0.00000000e+00  0.00000000e+00
  0.00000000e+00  5.80000000e+01  0.00000000e+00  0.00000000e+00
  0.00000000e+00  0.00000000e+00  0.00000000e+00  0.00000000e+00
  9.96795704e+00  0.00000000e+00  0.00000000e+00  0.00000000e+00
  1.21327341e+01  2.42654683e+01  1.23936871e+01  1.13878560e+01
  2.00000000e+00  0.00000000e+00  0.00000000e+00  0.00000000e+00
  9.96795704e+00  0.00000000e+00  0.00000000e+00  0.00000000e+00
  4.87918896e+01  0.00000000e+00  1.13878560e+01  0.00000000e+00
  0.00000000e+00  0.00000000e+00  0.00000000e+00  9.96795704e+00
  0.00000000e+00  0.00000000e+00  0.00000000e+00  4.87918896e+01
  0.00000000e+00  1.13878560e+01  0.00000000e+00  2.57800000e+01
  0.00000000e+00  0.00000000e+00  8.37296296e+00  0.00000000e+00
  1.82981481e+00  0.00000000e+00  1.15948148e+01  3.53574074e+00
  0.00000000e+00  0.00000000e+00  0.00000000e+00  0.00000000e+00
  0.00000000e+00  0.00000000e+00  0.00000000e+00  2.00000000e+00
  0.00000000e+00  0.00000000e+00  0.00000000e+00  0.00000000e+00
  0.00000000e+00  0.00000000e+00  0.00000000e+00  0.00000000e+00
  0.00000000e+00  2.00000000e+00  0.00000000e+00  0.00000000e+00
  0.00000000e+00  0.00000000e+00  0.00000000e+00  0.00000000e+00
  0.00000000e+00  0.00000000e+00  0.00000000e+00  0.00000000e+00
  0.00000000e+00  0.00000000e+00  0.00000000e+00  0.00000000e+00
  0.00000000e+00  0.00000000e+00  0.00000000e+00  0.00000000e+00
  0.00000000e+00  0.00000000e+00  0.00000000e+00  0.00000000e+00
  0.00000000e+00  0.00000000e+00  0.00000000e+00  0.00000000e+00
  0.00000000e+00  0.00000000e+00  0.00000000e+00  0.00000000e+00
  0.00000000e+00  0.00000000e+00  0.00000000e+00  0.00000000e+00
  0.00000000e+00  0.00000000e+00  0.00000000e+00  0.00000000e+00
  0.00000000e+00  0.00000000e+00  0.00000000e+00  0.00000000e+00
  0.00000000e+00  0.00000000e+00  0.00000000e+00  0.00000000e+00
  0.00000000e+00  0.00000000e+00  0.00000000e+00  0.00000000e+00
  0.00000000e+00  0.00000000e+00  0.00000000e+00  0.00000000e+00
  0.00000000e+00  0.00000000e+00  0.00000000e+00  2.00000000e+00
  0.00000000e+00  0.00000000e+00  0.00000000e+00  0.00000000e+00
  0.00000000e+00  0.00000000e+00  0.00000000e+00  0.00000000e+00
  0.00000000e+00  0.00000000e+00  0.00000000e+00  6.31772953e-01
  1.97906467e+00  7.36079927e+02  1.30791395e+01  1.01924937e+01
  1.01924937e+01  9.32649984e+00  5.99661925e+00  5.99661925e+00
  4.20466665e+00  4.20466665e+00  2.85144841e+00  2.85144841e+00
  1.89550430e+00  1.89550430e+00  0.00000000e+00  5.10652739e+00
  0.00000000e+00  5.74951183e+00  5.51670072e+00  1.66436037e+01
  0.00000000e+00  1.84600542e+01  4.85502426e+01  9.96795704e+00
  0.00000000e+00  2.48094963e+02  9.47368421e-01  1.89473684e+00
  2.73684211e+00  0.00000000e+00 -2.68000000e+00  1.90000000e+01
  2.36189000e+02  3.61187622e+04  1.14126565e+01  4.90024054e+00
  2.44825827e+00  1.10443973e+02  9.78431242e+00  5.05666170e-01
  9.78431242e+00  1.41325148e-01  2.02896091e-01  1.41325148e-01
  2.02896091e-01 -5.05666170e-01  3.50580000e+00  7.65728000e+01
  2.48285000e+02  1.00000000e+00  3.00000000e+00  0.00000000e+00
  0.00000000e+00  0.00000000e+00  1.00000000e+00  2.00000000e+00
  3.00000000e+00  3.00000000e+00  1.00000000e+00  3.00000000e+00
  0.00000000e+00  2.00000000e+00  0.00000000e+00  0.00000000e+00
  0.00000000e+00  9.20000000e+01  5.10652739e+00  1.12662126e+01
  0.00000000e+00  0.00000000e+00  0.00000000e+00  0.00000000e+00
  4.98397852e+00  4.98397852e+00  0.00000000e+00  0.00000000e+00
  3.03414884e+01  2.98385728e+01  1.77799114e+01  5.69392799e+00
  3.00000000e+00  5.10652739e+00  2.30549651e+01  0.00000000e+00
  9.96795704e+00  0.00000000e+00  0.00000000e+00  0.00000000e+00
  6.61156361e+01  0.00000000e+00  5.74951183e+00  0.00000000e+00
  0.00000000e+00  5.74951183e+00  0.00000000e+00  1.50744844e+01
  0.00000000e+00  0.00000000e+00  1.12573795e+01  5.48582566e+01
  0.00000000e+00  2.30549651e+01  0.00000000e+00  4.60100000e+01
  0.00000000e+00  0.00000000e+00  8.48195630e+00  1.07135048e+01
  2.44015768e+00  2.02896091e-01  1.31171201e+01  7.37769837e+00
  0.00000000e+00  0.00000000e+00  0.00000000e+00  0.00000000e+00
  0.00000000e+00  0.00000000e+00  0.00000000e+00  2.00000000e+00
  0.00000000e+00  1.00000000e+00  0.00000000e+00  0.00000000e+00
  0.00000000e+00  0.00000000e+00  0.00000000e+00  0.00000000e+00
  0.00000000e+00  2.00000000e+00  0.00000000e+00  0.00000000e+00
  0.00000000e+00  0.00000000e+00  0.00000000e+00  0.00000000e+00
  0.00000000e+00  0.00000000e+00  0.00000000e+00  0.00000000e+00
  0.00000000e+00  0.00000000e+00  0.00000000e+00  0.00000000e+00
  0.00000000e+00  0.00000000e+00  0.00000000e+00  0.00000000e+00
  1.00000000e+00  0.00000000e+00  1.00000000e+00  0.00000000e+00
  0.00000000e+00  0.00000000e+00  0.00000000e+00  0.00000000e+00
  0.00000000e+00  0.00000000e+00  0.00000000e+00  0.00000000e+00
  0.00000000e+00  0.00000000e+00  0.00000000e+00  0.00000000e+00
  0.00000000e+00  0.00000000e+00  0.00000000e+00  0.00000000e+00
  0.00000000e+00  0.00000000e+00  0.00000000e+00  0.00000000e+00
  0.00000000e+00  0.00000000e+00  0.00000000e+00  0.00000000e+00
  0.00000000e+00  0.00000000e+00  1.00000000e+00  1.00000000e+00
  1.00000000e+00  0.00000000e+00  0.00000000e+00  0.00000000e+00
  0.00000000e+00  0.00000000e+00  0.00000000e+00  2.00000000e+00
  0.00000000e+00  0.00000000e+00  0.00000000e+00  0.00000000e+00
  0.00000000e+00  0.00000000e+00  0.00000000e+00  0.00000000e+00
  0.00000000e+00  0.00000000e+00  0.00000000e+00  7.54507787e-01]",4.298820269406748,5.2987722952740715,7.0611077463350025
C12=NC=CC=C1C=CC3=C2N=CC=C3,C12=NC=CC=C1C=CC3=C2N=CC=C3,OC1=C(N=C(/C=C/C2=CC=C(Br)C=C2)C=C3)C3=CC=C1,"[ 2.61031869e+00  5.47292517e+02  9.38046889e+00  7.51322934e+00
  7.51322934e+00  6.94948974e+00  4.53497858e+00  4.53497858e+00
  3.21580533e+00  3.21580533e+00  2.34459704e+00  2.34459704e+00
  1.67974026e+00  1.67974026e+00  0.00000000e+00  0.00000000e+00
  0.00000000e+00  0.00000000e+00  0.00000000e+00  2.18058499e+01
  0.00000000e+00  1.23936871e+01  1.21327341e+01  3.42334253e+01
  0.00000000e+00  1.80068748e+02  6.42857143e-01  1.14285714e+00
  1.64285714e+00  0.00000000e+00 -1.96000000e+00  1.40000000e+01
  1.72146000e+02  3.40880776e+03  7.44441230e+00  2.77102896e+00
  9.72920490e-01  8.12340281e+01  4.34685185e+00  2.53960355e-01
  4.34685185e+00  9.64012555e-02  9.77407407e-01  9.64012555e-02
  9.77407407e-01 -2.53960355e-01  2.78300000e+00  5.70440000e+01
  1.80210000e+02  0.00000000e+00  2.00000000e+00  0.00000000e+00
  0.00000000e+00  0.00000000e+00  1.00000000e+00  2.00000000e+00
  3.00000000e+00  2.00000000e+00  0.00000000e+00  2.00000000e+00
  0.00000000e+00  0.00000000e+00  0.00000000e+00  0.00000000e+00
  0.00000000e+00  6.60000000e+01  0.00000000e+00  0.00000000e+00
  0.00000000e+00  0.00000000e+00  0.00000000e+00  0.00000000e+00
  9.96795704e+00  0.00000000e+00  0.00000000e+00  0.00000000e+00
  2.42654683e+01  1.21327341e+01  2.31661356e+01  1.10334014e+01
  3.00000000e+00  0.00000000e+00  2.18058499e+01  0.00000000e+00
  9.96795704e+00  0.00000000e+00  0.00000000e+00  0.00000000e+00
  4.87918896e+01  0.00000000e+00  0.00000000e+00  0.00000000e+00
  0.00000000e+00  0.00000000e+00  0.00000000e+00  9.96795704e+00
  0.00000000e+00  0.00000000e+00  0.00000000e+00  4.87918896e+01
  0.00000000e+00  2.18058499e+01  0.00000000e+00  2.57800000e+01
  0.00000000e+00  0.00000000e+00  8.69370370e+00  2.27537037e+00
  1.95481481e+00  0.00000000e+00  1.21387037e+01  3.60407407e+00
  0.00000000e+00  0.00000000e+00  0.00000000e+00  0.00000000e+00
  0.00000000e+00  0.00000000e+00  0.00000000e+00  2.00000000e+00
  0.00000000e+00  0.00000000e+00  0.00000000e+00  0.00000000e+00
  0.00000000e+00  0.00000000e+00  0.00000000e+00  0.00000000e+00
  0.00000000e+00  2.00000000e+00  0.00000000e+00  0.00000000e+00
  0.00000000e+00  0.00000000e+00  0.00000000e+00  0.00000000e+00
  0.00000000e+00  0.00000000e+00  0.00000000e+00  0.00000000e+00
  0.00000000e+00  0.00000000e+00  0.00000000e+00  0.00000000e+00
  0.00000000e+00  0.00000000e+00  0.00000000e+00  0.00000000e+00
  1.00000000e+00  0.00000000e+00  3.00000000e+00  0.00000000e+00
  0.00000000e+00  0.00000000e+00  0.00000000e+00  0.00000000e+00
  0.00000000e+00  0.00000000e+00  0.00000000e+00  0.00000000e+00
  0.00000000e+00  0.00000000e+00  0.00000000e+00  0.00000000e+00
  0.00000000e+00  0.00000000e+00  0.00000000e+00  0.00000000e+00
  0.00000000e+00  0.00000000e+00  0.00000000e+00  0.00000000e+00
  0.00000000e+00  0.00000000e+00  0.00000000e+00  0.00000000e+00
  0.00000000e+00  0.00000000e+00  0.00000000e+00  0.00000000e+00
  0.00000000e+00  0.00000000e+00  0.00000000e+00  0.00000000e+00
  0.00000000e+00  0.00000000e+00  0.00000000e+00  2.00000000e+00
  0.00000000e+00  0.00000000e+00  0.00000000e+00  0.00000000e+00
  0.00000000e+00  0.00000000e+00  0.00000000e+00  0.00000000e+00
  0.00000000e+00  0.00000000e+00  0.00000000e+00  4.96979970e-01
  2.61031869e+00  5.47292517e+02  9.38046889e+00  7.51322934e+00
  7.51322934e+00  6.94948974e+00  4.53497858e+00  4.53497858e+00
  3.21580533e+00  3.21580533e+00  2.34459704e+00  2.34459704e+00
  1.67974026e+00  1.67974026e+00  0.00000000e+00  0.00000000e+00
  0.00000000e+00  0.00000000e+00  0.00000000e+00  2.18058499e+01
  0.00000000e+00  1.23936871e+01  1.21327341e+01  3.42334253e+01
  0.00000000e+00  1.80068748e+02  6.42857143e-01  1.14285714e+00
  1.64285714e+00  0.00000000e+00 -1.96000000e+00  1.40000000e+01
  1.72146000e+02  3.40880776e+03  7.44441230e+00  2.77102896e+00
  9.72920490e-01  8.12340281e+01  4.34685185e+00  2.53960355e-01
  4.34685185e+00  9.64012555e-02  9.77407407e-01  9.64012555e-02
  9.77407407e-01 -2.53960355e-01  2.78300000e+00  5.70440000e+01
  1.80210000e+02  0.00000000e+00  2.00000000e+00  0.00000000e+00
  0.00000000e+00  0.00000000e+00  1.00000000e+00  2.00000000e+00
  3.00000000e+00  2.00000000e+00  0.00000000e+00  2.00000000e+00
  0.00000000e+00  0.00000000e+00  0.00000000e+00  0.00000000e+00
  0.00000000e+00  6.60000000e+01  0.00000000e+00  0.00000000e+00
  0.00000000e+00  0.00000000e+00  0.00000000e+00  0.00000000e+00
  9.96795704e+00  0.00000000e+00  0.00000000e+00  0.00000000e+00
  2.42654683e+01  1.21327341e+01  2.31661356e+01  1.10334014e+01
  3.00000000e+00  0.00000000e+00  2.18058499e+01  0.00000000e+00
  9.96795704e+00  0.00000000e+00  0.00000000e+00  0.00000000e+00
  4.87918896e+01  0.00000000e+00  0.00000000e+00  0.00000000e+00
  0.00000000e+00  0.00000000e+00  0.00000000e+00  9.96795704e+00
  0.00000000e+00  0.00000000e+00  0.00000000e+00  4.87918896e+01
  0.00000000e+00  2.18058499e+01  0.00000000e+00  2.57800000e+01
  0.00000000e+00  0.00000000e+00  8.69370370e+00  2.27537037e+00
  1.95481481e+00  0.00000000e+00  1.21387037e+01  3.60407407e+00
  0.00000000e+00  0.00000000e+00  0.00000000e+00  0.00000000e+00
  0.00000000e+00  0.00000000e+00  0.00000000e+00  2.00000000e+00
  0.00000000e+00  0.00000000e+00  0.00000000e+00  0.00000000e+00
  0.00000000e+00  0.00000000e+00  0.00000000e+00  0.00000000e+00
  0.00000000e+00  2.00000000e+00  0.00000000e+00  0.00000000e+00
  0.00000000e+00  0.00000000e+00  0.00000000e+00  0.00000000e+00
  0.00000000e+00  0.00000000e+00  0.00000000e+00  0.00000000e+00
  0.00000000e+00  0.00000000e+00  0.00000000e+00  0.00000000e+00
  0.00000000e+00  0.00000000e+00  0.00000000e+00  0.00000000e+00
  1.00000000e+00  0.00000000e+00  3.00000000e+00  0.00000000e+00
  0.00000000e+00  0.00000000e+00  0.00000000e+00  0.00000000e+00
  0.00000000e+00  0.00000000e+00  0.00000000e+00  0.00000000e+00
  0.00000000e+00  0.00000000e+00  0.00000000e+00  0.00000000e+00
  0.00000000e+00  0.00000000e+00  0.00000000e+00  0.00000000e+00
  0.00000000e+00  0.00000000e+00  0.00000000e+00  0.00000000e+00
  0.00000000e+00  0.00000000e+00  0.00000000e+00  0.00000000e+00
  0.00000000e+00  0.00000000e+00  0.00000000e+00  0.00000000e+00
  0.00000000e+00  0.00000000e+00  0.00000000e+00  0.00000000e+00
  0.00000000e+00  0.00000000e+00  0.00000000e+00  2.00000000e+00
  0.00000000e+00  0.00000000e+00  0.00000000e+00  0.00000000e+00
  0.00000000e+00  0.00000000e+00  0.00000000e+00  0.00000000e+00
  0.00000000e+00  0.00000000e+00  0.00000000e+00  4.96979970e-01
  1.94308919e+00  7.78601925e+02  1.39493830e+01  1.06232446e+01
  1.22092412e+01  9.72034669e+00  6.24655398e+00  7.03955225e+00
  4.46985928e+00  5.38553481e+00  3.03703898e+00  3.56570449e+00
  1.99483978e+00  2.25917253e+00  0.00000000e+00  5.10652739e+00
  0.00000000e+00  5.74951183e+00  5.51670072e+00  2.11163232e+01
  0.00000000e+00  6.06636707e+00  6.06829768e+01  2.09139224e+01
  0.00000000e+00  3.25010226e+02  9.00000000e-01  1.70000000e+00
  2.50000000e+00  0.00000000e+00 -2.13000000e+00  2.00000000e+01
  3.14097000e+02  5.13521367e+04  1.28812789e+01  5.47009664e+00
  2.72732008e+00  1.25091872e+02  9.81963668e+00  5.05666170e-01
  9.81963668e+00  1.41325148e-01  2.09621935e-01  1.41325148e-01
  2.09621935e-01 -5.05666170e-01  4.87330000e+00  8.64778000e+01
  3.26193000e+02  1.00000000e+00  2.00000000e+00  0.00000000e+00
  0.00000000e+00  0.00000000e+00  2.00000000e+00  1.00000000e+00
  3.00000000e+00  2.00000000e+00  1.00000000e+00  3.00000000e+00
  0.00000000e+00  2.00000000e+00  0.00000000e+00  0.00000000e+00
  0.00000000e+00  9.80000000e+01  5.10652739e+00  1.12662126e+01
  0.00000000e+00  0.00000000e+00  0.00000000e+00  0.00000000e+00
  0.00000000e+00  4.98397852e+00  0.00000000e+00  0.00000000e+00
  5.23377993e+01  3.59049399e+01  9.85894373e+00  5.69392799e+00
  3.00000000e+00  5.10652739e+00  3.89849090e+01  0.00000000e+00
  4.98397852e+00  0.00000000e+00  0.00000000e+00  0.00000000e+00
  7.03274026e+01  0.00000000e+00  5.74951183e+00  0.00000000e+00
  0.00000000e+00  5.74951183e+00  1.59299439e+01  1.00905059e+01
  0.00000000e+00  0.00000000e+00  1.12573795e+01  5.90700231e+01
  0.00000000e+00  2.30549651e+01  0.00000000e+00  3.31200000e+01
  1.05870598e+00  3.41234747e+00  4.46131015e+00  1.07555549e+01
  2.55532910e+00  2.09621935e-01  1.73569396e+01  3.94019085e+00
  0.00000000e+00  0.00000000e+00  0.00000000e+00  0.00000000e+00
  0.00000000e+00  0.00000000e+00  0.00000000e+00  1.00000000e+00
  0.00000000e+00  1.00000000e+00  0.00000000e+00  0.00000000e+00
  0.00000000e+00  0.00000000e+00  0.00000000e+00  0.00000000e+00
  0.00000000e+00  1.00000000e+00  0.00000000e+00  0.00000000e+00
  0.00000000e+00  0.00000000e+00  0.00000000e+00  0.00000000e+00
  0.00000000e+00  0.00000000e+00  0.00000000e+00  0.00000000e+00
  0.00000000e+00  0.00000000e+00  0.00000000e+00  0.00000000e+00
  0.00000000e+00  0.00000000e+00  0.00000000e+00  0.00000000e+00
  2.00000000e+00  0.00000000e+00  1.00000000e+00  0.00000000e+00
  0.00000000e+00  0.00000000e+00  0.00000000e+00  0.00000000e+00
  0.00000000e+00  0.00000000e+00  1.00000000e+00  0.00000000e+00
  0.00000000e+00  0.00000000e+00  0.00000000e+00  0.00000000e+00
  0.00000000e+00  0.00000000e+00  0.00000000e+00  0.00000000e+00
  0.00000000e+00  0.00000000e+00  0.00000000e+00  0.00000000e+00
  0.00000000e+00  0.00000000e+00  0.00000000e+00  0.00000000e+00
  0.00000000e+00  0.00000000e+00  1.00000000e+00  1.00000000e+00
  1.00000000e+00  0.00000000e+00  0.00000000e+00  0.00000000e+00
  0.00000000e+00  0.00000000e+00  0.00000000e+00  1.00000000e+00
  0.00000000e+00  0.00000000e+00  0.00000000e+00  0.00000000e+00
  0.00000000e+00  0.00000000e+00  0.00000000e+00  0.00000000e+00
  0.00000000e+00  0.00000000e+00  0.00000000e+00  7.28444384e-01]",5.69275195819503,5.275281261130176,8.448909612616752
